-- Adminer 4.7.8 MySQL dump

SET NAMES utf8;
SET time_zone = '+00:00';
SET foreign_key_checks = 0;
SET sql_mode = 'NO_AUTO_VALUE_ON_ZERO';

SET NAMES utf8mb4;

DROP TABLE IF EXISTS `department`;
CREATE TABLE `department` (
  `id` bigint(20) unsigned NOT NULL AUTO_INCREMENT,
  `location_id` int(11) NOT NULL,
  `department_name` varchar(255) COLLATE utf8mb4_unicode_ci NOT NULL,
  `deleted_at` timestamp NULL DEFAULT NULL,
  `created_at` timestamp NULL DEFAULT NULL,
  `updated_at` timestamp NULL DEFAULT NULL,
  PRIMARY KEY (`id`)
) ENGINE=InnoDB DEFAULT CHARSET=utf8mb4 COLLATE=utf8mb4_unicode_ci;

INSERT INTO `department` (`id`, `location_id`, `department_name`, `deleted_at`, `created_at`, `updated_at`) VALUES
(1,	1,	'Logistics',	NULL,	'2021-04-16 00:30:11',	'2021-04-16 00:30:11'),
(2,	1,	'QC',	NULL,	'2021-04-16 01:02:27',	'2021-04-16 01:02:27'),
(3,	1,	'Stores',	NULL,	'2021-04-16 10:19:28',	'2021-04-16 10:19:28'),
(4,	1,	'Maintenance',	NULL,	'2021-04-16 10:29:07',	'2021-04-16 10:29:07'),
(5,	1,	'HR&ADMIN',	NULL,	'2021-04-16 10:34:36',	'2021-04-16 10:34:36'),
(6,	1,	'Finance',	NULL,	'2021-04-16 12:19:18',	'2021-04-16 12:19:18'),
(7,	1,	'Production',	NULL,	'2021-04-16 13:32:18',	'2021-04-16 13:32:18'),
(8,	1,	'Purchase',	NULL,	'2021-04-16 23:01:51',	'2021-04-16 23:01:51'),
(9,	1,	'Sales',	NULL,	'2021-04-16 23:41:02',	'2021-04-16 23:41:02');

DROP TABLE IF EXISTS `documents`;
CREATE TABLE `documents` (
  `id` bigint(20) unsigned NOT NULL AUTO_INCREMENT,
  `user_id` int(11) DEFAULT NULL,
  `capa_number` varchar(255) COLLATE utf8mb4_unicode_ci DEFAULT NULL,
  `document_number` varchar(255) COLLATE utf8mb4_unicode_ci DEFAULT NULL,
  `location_id` int(11) DEFAULT NULL,
  `department_id` int(11) DEFAULT NULL,
  `form_id` int(11) DEFAULT NULL,
  `main_document_id` int(11) DEFAULT NULL,
  `sub_document_id` int(11) DEFAULT NULL,
  `prepared_by` varchar(255) COLLATE utf8mb4_unicode_ci DEFAULT NULL,
  `approved_by` varchar(255) COLLATE utf8mb4_unicode_ci DEFAULT NULL,
  `version_number` double(9,1) DEFAULT NULL,
  `created_date` date DEFAULT NULL,
  `revision_date` date DEFAULT NULL,
  `document_details` longtext CHARACTER SET utf8mb4 COLLATE utf8mb4_bin,
  `capa_action` enum('CREATE','UPDATE','ROLL_BACK','DEACTIVATE','REACTIVATE','REMOVE') COLLATE utf8mb4_unicode_ci DEFAULT NULL,
  `status` enum('ACTIVE','DEACTIVE','REJECT','REMOVE','FRESH','SAVED','SUBMIT','ARCHIVED') COLLATE utf8mb4_unicode_ci DEFAULT NULL,
  `status_by_admin` enum('APPROVE','REJECT','REMOVE') COLLATE utf8mb4_unicode_ci DEFAULT NULL,
  `status_by_superadmin` enum('APPROVE','REJECT','REMOVE') COLLATE utf8mb4_unicode_ci DEFAULT NULL,
  `reject_note` text COLLATE utf8mb4_unicode_ci,
  `remove_note` text COLLATE utf8mb4_unicode_ci,
  `deleted_at` timestamp NULL DEFAULT NULL,
  `created_at` timestamp NULL DEFAULT NULL,
  `updated_at` timestamp NULL DEFAULT NULL,
  PRIMARY KEY (`id`)
) ENGINE=InnoDB DEFAULT CHARSET=utf8mb4 COLLATE=utf8mb4_unicode_ci;

INSERT INTO `documents` (`id`, `user_id`, `capa_number`, `document_number`, `location_id`, `department_id`, `form_id`, `main_document_id`, `sub_document_id`, `prepared_by`, `approved_by`, `version_number`, `created_date`, `revision_date`, `document_details`, `capa_action`, `status`, `status_by_admin`, `status_by_superadmin`, `reject_note`, `remove_note`, `deleted_at`, `created_at`, `updated_at`) VALUES
(4,	21,	'Test-004',	'Bad/Log/PROC/1.0',	1,	1,	1,	1,	2,	'KAVITA PALANDE',	NULL,	1.0,	'2021-04-16',	NULL,	'{\"objective\":\"Process for Exporting of Non Hazardous Cargo\",\"department_and_third_party_involvement\":[\"Logistics\",\"Sales\",\"CHA\"],\"list_of_document_involved\":[\"Exp.Inv\\/ExpPL\\/COA\\/MSDS\\/ COO\",\"Draft BL\",\"Dispatch Approval Form\",\"Dispatch Approval Form\",\"COO\",null],\"process_description\":{\"description\":[\"Stores moves the FG by batch number into the dispatch section and hands over  Physical copy of Delivery Note from Tally to Logistics for dispatch.\",\"Quotation Rate Approval from CHA (Enquiry to be floated with at-least 3 CHA offices)\",\"Vessel Schedule received from the CHA office\",\"Packaging prior to Dispatch - Palletization, Pallet Labels, Strapping & Shrink Wrap (Vessel Cut-Off Date is Critical and needs to be monitored closely)\",\"Request Accounts for Tax Invoice Print (Triplicate)\",\"Complete Export Documentation Printing (4 Sets)  13.1.1 - 13.1.8(Inv\\/PL\\/VGM\\/EVD\\/Non-Haz Cert) \\/ 12.1.1 - 12.1.4 (COA) \\/ 4.1.1 - 4.1.7 (EWAY Bill)\",\"Arranging Forklift & Transport for movement of Cargo to Nhava Sheva\",\"If Cargo is going by Sea, CHA \\/ Nomination agent will notify the CFS Gate Name where the Cargo will be held for stuffing and in case of Air, it goes to Airport Cargo section. Dispatch accordingly.\",\"Get Dispatch Approval Form duly signed from A\\/c & Logistics HOD before dispatching the material\",\"Soft copy of Export documents to be Emailed to the CHA \\/ Nominated Agent\'s office for Clearance of Cargo\",\"CHA will then email the Check-list for our approval, before filing Shipping Bill (SB gets filed basis Check-list approved)\",\"Email duly signed Check-list approval form to CHA office.\",\"COO generation (IAFTA & SEPA through agent) 3.1\\/3.2\\/3.3\",\"BL Draft approval from Sales\",\"Couriering of Documents to Consignee with COO & Email Softcopy to Sales\",\"Receiving Documents from CHA Office & notifying Accounts for Bank submission of the documents\",\"Physical Storage of Export Documents\",\"CHA Bill Verification & Submission to Accounts\",null],\"unit\":[\"N\\/A\",\"N\\/A\",\"N\\/A\",\"N\\/A\",\"N\\/A\",\"N\\/A\",\"N\\/A\",\"N\\/A\",\"N\\/A\",\"N\\/A\",\"N\\/A\",\"N\\/A\",\"N\\/A\",\"N\\/A\",\"N\\/A\",\"N\\/A\",\"N\\/A\",\"N\\/A\",null],\"designation_responsibility\":[\"Store Manager\",\"Manager -Logistics Export\",\"CHA-Office\",\"Manager -Logistics Export\",\"Manager -Logistics Export\",\"Manager -Logistics Export\",\"Manager -Logistics Export\",\"Manager -Logistics Export\",\"Manager -Logistics Export \\/ Accounts Head\",\"Manager -Logistics Export\",\"CHA office\\/Logistics Export & Accounts\",\"Manager -Logistics Export \\/ Accounts Head\",\"Manager -Logistics Export\",\"Manager -Logistics Export\",\"Manager -Logistics Export\",\"CHA office\\/Manager - Logistics Export & Accounts HOD\",\"Manager -Logistics Export\",\"Manager -Logistics Export\",null],\"document_in_use\":[\"Delivery Note\",\"Email \\/ Export P.O.\",\"Email\",\"Pallet Labels & Pallet Packing List (for pallet wise stacking accuracy)\",\"Tax Invoice\",\"Exp. Inv\\/ Exp PL\\/ VGM\\/Non Haz Cert.\\/EVD \\/ COA\\/ MSDS\\/ Insurance\\/Eway Bill\\/Tax Inv\",\"Job Challan for rate Approval\",\"Sealed envelope with 4 sets of documents & contact number at Carting Gate\",\"Dispatch Approval Form\",\"All Export documents - Email\",\"Check-list\",\"Check-list Approval Form\",\"COO\",\"Draft BL\",\"Exp.Inv\\/ExpPL\\/COA\\/MSDS\\/ COO\",\"Exp.Inv\\/Exp. PL\\/EVD\\/VGM\\/Shipping Bill\\/BL\\/CHA Inv\\/Measurement Bill\",\"-\",\"-\",null],\"spacial_remarks\":[\"Delivery Note - Batch number errors may occur.\",\"A comparison sheet (Quote Comparison.Xls) is used to get Final PO approved and Signed copy is emailed to the CHA office and original maintained\",\"Vessel schedule un-officially shared with Stores\\/Prod\\/QC for in time readiness of Cargo for dispatch\",\"Ensure that Production & QC labels are in place, Pallet Stacking to match QC labels for Drum numbers as per pallet packing list, Ensure packaging is clean & not damaged, Weigh EACH UNIT before palletization.\",\"Tax invoice does not go to the consignee but is used only for Customs Clearance\",\"Make sure Cargo is insured & Eway Bill generated before dispatch. Non Haz Certificate will be issued for Non-Hazardous Shipment\",\"Use approved vendors or if the vendor is new, make sure the rate matches or is less than the rate of approved vendors\",\"Information about the carting gate to be received from CHA office (in case of FOB shipment from the nominated agents office), Ensure an enclosed vehicle during Monsoon. Share the vehicle number & driver name & No. with concerned person at the receiving end.\",\"-\",\"This is to ensure smooth clearance process and cargo inwards at the CIF gate once the cargo reaches CIF\",\"Ensure that Check-list is reviewed and formally approved by Accounts Department & Only then confirm to the CHA office: Co. Info \\/ Consignee Info\\/Bank Details\\/AD Code\\/Drawback Banking details\\/Product\\/HS Code\\/Value\\/Terms\",\"-\",\"Maharashtra Chambers \\/ GSP Office - SPEA form & IAFTA form, Blank forms of SEPA\\/IAFTA\\/Maharashtra Chambers Forms\",\"Draft BL to be shared & approved by Sales Head to ensure zero error in the making of BL\",\"Ensure that the Courier reaches consignee BEFORE vessel reaches the port, CROSS check \\\"Payment Terms\\\" & Only courier once Payment terms have been MET OR Specific written approval from Sales is received.\",\"Accounts Department then needs to lodge the documents with the Bank\",\"Export Documentation \\/ Year \\/ File Number (Insurance Copy & Approved CHA Quotation)\",\"CHA Bill gets verified with the approved Quotation any discrepancies are either justified and accepted by HOD OR a debit note is issued by Accounts Dept. If there are any un-planned expenses, take pre-approval by email from HOD with A\\/c head in CC.\",null]}}',	'CREATE',	'ACTIVE',	'APPROVE',	'APPROVE',	NULL,	NULL,	NULL,	'2021-04-16 03:20:23',	'2021-04-16 03:34:10'),
(5,	21,	'Test-Log-005',	NULL,	1,	1,	1,	1,	1,	'KAVITA PALANDE',	NULL,	NULL,	'2021-04-16',	NULL,	'{\"objective\":\"Process for Shipping Hazardous Cargo 1.5 Packaging Group II - Update 1.1\",\"department_and_third_party_involvement\":[\"Sales\",\"Customer\",null,\"Stores\",\"Logistics\",\"CHA\"],\"list_of_document_involved\":[\"Delivery Note\",\"Tax Invoice\",\"Packing List\",null,null,null],\"process_description\":{\"description\":[\"Stores moves the FG by batch number into the dispatch section and hand over Physical copy of Delivery Note from Tally to Logistics for dispatch.\",\"Quotation Rate Approval from CHA (Enquiry to be floated with at-least 3 CHA offices)\",\"Request send to CHA for HAZ Cargo Approval (CHA sends Shipping Line format for HAZ Cargo declaration, which is signed, stamped and returned to CHA office).\",\"Vessel Schedule received from the CHA office\",\"Packaging prior to Dispatch - Palletization, Pallet Labels, Strapping & Shrink Wrap (Vessel Cut-Off Date is Critical and needs to be monitored closely)\",\"Request Accounts for Tax Invoice Print (Triplicate)\",\"Complete Export Documentation Printing (4 Sets) Ref: Process 13.1.1 - 13.1.8(Inv\\/PL\\/EVD\\/VGM) \\/ 12.1.1 - 12.1.4 (COA) \\/ 4.1.1 - 4.1.7(Eway Bill)\",\"Arranging Forklift & Transport for movement of Cargo to Nhava Sheva\",\"If Cargo is going by Sea, CHA \\/ Nomination agent will notify the CFS Gate Name where the Cargo will be held for stuffing and in case of Air, it goes to Airport Cargo section. Dispatch accordingly.\",\"Get Dispatch Approval Form duly signed from A\\/c & Logistics HOD before dispatching the material\",\"Soft copy of Export documents to be Emailed to the CHA \\/ Nominated Agent\'s office for Clearance of Cargo\",\"CHA will then email the Check-list for our approval, before filing Shipping Bill (SB gets filed basis Check-list approved)\",\"Email duly signed Check-list approval form to CHA office.\",\"COO generation (IAFTA & SEPA through agent) Ref: 3.1\\/3.2\\/3.3\",\"BL ( Bill of Landing) Draft approval from Sales\",\"Couriering of Documents to Consignee with COO & Email Softcopy to Sales Manager \\/ HOD\",\"Receiving Documents from CHA Office & notifying Accounts for Bank submission of the documents\",\"Physical Storage of Export Documents\",\"CHA Bill Verification & Submission to Accounts\"],\"unit\":[\"N\\/A\",\"N\\/A\",\"N\\/A\",\"N\\/A\",\"N\\/A\",\"N\\/A\",\"N\\/A\",\"N\\/A\",\"N\\/A\",\"N\\/A\",\"N\\/A\",\"N\\/A\",\"N\\/A\",\"N\\/A\",\"N\\/A\",\"N\\/A\",\"N\\/A\",\"N\\/A\",\"N\\/A\"],\"designation_responsibility\":[\"Store Manager\",\"Manager -Logistics Export\",\"Manager -Logistics Export\",\"CHA-Office\",\"Manager -Logistics Export\",\"Manager -Logistics Export\",\"Manager -Logistics Export\",\"Manager -Logistics Export\",\"Manager -Logistics Export\",\"Manager -Logistics Export \\/ Logistic Head \\/ Accounts Head\",\"Manager -Logistics Export\",\"CHA office\\/Logistics Export & Head - Accounts\",\"Logistics Export & Head - Accounts\",\"Manager -Logistics Export\",\"Manager -Logistics Export\",\"Manager -Logistics Export\",\"CHA office\\/Logistics Export & Accounts\",\"Manager -Logistics Export\",\"Manager -Logistics Export\"],\"document_in_use\":[\"Delivery Note\",\"Email \\/ Export P.O.\",\"Exp.Inv\\/Exp.PL\\/MSDS\\/IIP Cert. \\/ Shipping Line HAZ Declaration Form\",\"Email\",\"Pallet Labels & Pallet Packing List (for palletwise stacking accuracy)\",\"Tax Invoice\",\"Exp. Inv\\/ Exp. PL\\/ VGM\\/ EVD\\/ COA\\/MSDS\\/Insurance\\/Eway Bill\\/Tax Inv\",\"Job Challan for rate Approval\",\"Sealed envelope with 4 sets of documents & contact number at Carting Gate\",\"Dispatch Approval Form\",\"All Export documents, including valid IIP certificate\",\"Check-list\",\"Check-list Approval Form\",\"COO\",\"Draft BL ( Billing Of Landing)\",\"Exp.Inv\\/Exp PL\\/COA\\/MSDS\\/ COO\",\"Exp.Inv\\/Exp. PL\\/EVD\\/VGM\\/Shipping Bill\\/BL\\/CHA Inv\\/Measurement Bill\",\"-\",\"CHA Invoice\"],\"spacial_remarks\":[\"Delivery Note - Batch number errors may occur. A red flag needs to be raised if Batch numbers appears wrong or illogical.\",\"A comparison sheet (Quote Comparison.xls) is used to get Final PO approved and Signed copy is emailed to the CHA office and original maintained in record.\",\"Ensure IIP Certificate is Valid, Use ONLY approved copies of MSDS, Inv & PL to be printed using Automated Sheet* Ref: Process 13.1.2\",\"Vessel schedule un-officially shared with Stores\\/Prod\\/QC for in time readiness of Cargo for dispatch\",\"Ensure that Production & QC labels are in place, Pallet Stacking to match QC labels for Drum numbers as per pallet packing list. Ensure packaging is clean & not damaged. Weigh EACH UNIT before palletization.\",\"Tax invoice does not go to the consignee but is used only for Customs Clearance\",\"Make sure Cargo is insured & Eway Bill generated before dispatch. Also note Non-Haz Certificate cannot go with HAZ Cargo so don\\u2019t print it.\",\"Use approved vendors or if the vendor is new, make sure the rate matches or is less than the rate of approved vendors.\",\"Information about the carting gate to be received from CHA office (in case of FOB shipment from the nominated agents office), Ensure an enclosed vehicle during Monsoon\",\"-\",\"This is to ensure smooth clearance process and cargo inwards at the CIF gate once the cargo reaches CIF\",\"Ensure that Check-list is reviewed and formally approved by Accounts Department & Only then confirm to the CHA office\",\"-\",\"Maharashtra Chambers \\/ GSP Office - SEPA form & IAFTA form, Blank forms of SEPA\\/IAFTA\\/MCC Forms\",\"Draft BL to be shared & approved by Sales Head to ensure zero error in the making of BL. Amending BL is costly.\",\"Ensure that the Courier reaches consignee BEFORE vessel reaches the port, CROSS check \\\"Payment Terms\\\" & Only courier once Payment terms have been MET OR Specific written approval from Sales is received.\",\"Accounts Department then needs to lodge the documents with the Bank\",\"Export Documentation \\/ Year \\/ File Number (Insurance Copy & Approved CHA Quotation)\",\"CHA Bill gets verified with the approved Quotation any discrepancies are either justified and accepted by HOD OR a debit note is issued by Accounts Dept. If there are any un-planned expenses, take pre-approval by email from HOD with A\\/c head in CC.\"]}}',	'DEACTIVATE',	'DEACTIVE',	NULL,	NULL,	NULL,	NULL,	NULL,	'2021-04-16 03:35:05',	'2021-04-16 03:35:05'),
(6,	16,	'777',	'Bad/QC/PROC/1.0',	1,	2,	1,	23,	50,	'Kulkarni',	NULL,	1.0,	'2021-04-16',	NULL,	NULL,	'CREATE',	'ARCHIVED',	NULL,	NULL,	NULL,	NULL,	NULL,	'2021-04-16 05:40:13',	'2021-04-16 05:40:13'),
(7,	16,	'999',	'Bad/QC/PROC/1.0',	1,	2,	1,	1,	1,	'Kulkarni',	NULL,	1.0,	'2021-04-16',	NULL,	'{\"objective\":\"Objective Test1.0\",\"department_and_third_party_involvement\":[\"asd\",\"jlksdjl\",\"lksdjfl\"],\"list_of_document_involved\":[\"ksjdfl\",\"ojsodiio\",\"iosdnv\"],\"process_description\":{\"description\":[\"sldkj\"],\"unit\":[\"KG\"],\"designation_responsibility\":[\"kjsdlkf\"],\"document_in_use\":[\"lksdjlf\"],\"spacial_remarks\":[\"lkjdlsk\"]},\"name_of_reference_document\":[\"slkdfl\",\"jlkdjfl\",\"skjfdl\"],\"reference_document_urls\":[]}',	'CREATE',	'ARCHIVED',	'APPROVE',	'APPROVE',	NULL,	NULL,	NULL,	'2021-04-16 14:16:02',	'2021-04-17 00:08:15'),
(8,	16,	'999',	'Bad/QC/SOP/1.0',	1,	2,	2,	98,	213,	'Kulkarni',	NULL,	1.0,	'2021-04-16',	NULL,	'{\"objective\":null,\"chemical_required\":{\"checmical_name\":null,\"chemical_make\":null,\"chemical_grade_purity\":null,\"chemical_quantity\":null,\"chemical_unit\":null},\"equipement_required\":{\"equipement_name\":null,\"equipement_location_mark_and_number\":null,\"equipement_capacity\":null,\"equipement_unit\":null},\"pre_production_process\":null,\"production_process\":null,\"post_production_process\":null,\"name_of_reference_document\":null,\"reference_document_urls\":[{},{}]}',	'CREATE',	'SAVED',	NULL,	NULL,	NULL,	NULL,	NULL,	'2021-04-16 14:16:02',	'2021-04-16 21:36:57'),
(9,	16,	'999',	'Bad/QC/SOP/1.0',	1,	2,	3,	99,	215,	'Kulkarni',	NULL,	1.0,	'2021-04-16',	NULL,	NULL,	'CREATE',	'SAVED',	NULL,	NULL,	NULL,	NULL,	NULL,	'2021-04-16 14:16:02',	'2021-04-16 14:16:02'),
(10,	16,	'999',	'Bad/QC/SOP/1.0',	1,	2,	4,	100,	218,	'Kulkarni',	NULL,	1.0,	'2021-04-16',	NULL,	NULL,	'CREATE',	'SAVED',	NULL,	NULL,	NULL,	NULL,	NULL,	'2021-04-16 14:16:02',	'2021-04-16 14:16:02'),
(11,	16,	'999',	'Bad/QC/MSDS/1.0',	1,	2,	5,	92,	194,	'Kulkarni',	NULL,	1.0,	'2021-04-16',	NULL,	NULL,	'CREATE',	'SAVED',	NULL,	NULL,	NULL,	NULL,	NULL,	'2021-04-16 14:16:02',	'2021-04-16 14:16:02'),
(12,	16,	'999',	'Bad/QC/SSS/1.0',	1,	2,	6,	93,	203,	'Kulkarni',	NULL,	1.0,	'2021-04-16',	NULL,	NULL,	'CREATE',	'SAVED',	NULL,	NULL,	NULL,	NULL,	NULL,	'2021-04-16 14:16:02',	'2021-04-16 14:16:02'),
(13,	16,	'1231',	'Bad/QC/PROC/1.1',	1,	2,	1,	1,	1,	'Kulkarni',	NULL,	1.1,	'2021-04-16',	'2021-04-17',	'{\"objective\":\"Objective Test1.1\",\"department_and_third_party_involvement\":[\"asd\",\"jlksdjl\",\"lksdjfl\"],\"list_of_document_involved\":[\"ksjdfl\",\"ojsodiio\",\"iosdnv\"],\"process_description\":{\"description\":[\"sldkj\"],\"unit\":[\"KG\"],\"designation_responsibility\":[\"kjsdlkf\"],\"document_in_use\":[\"lksdjlf\"],\"spacial_remarks\":[\"lkjdlsk\"]},\"name_of_reference_document\":[\"slkdfl\",\"jlkdjfl\",\"skjfdl\"],\"reference_document_urls\":[]}',	'UPDATE',	'ARCHIVED',	'APPROVE',	'APPROVE',	NULL,	NULL,	NULL,	'2021-04-17 00:08:15',	'2021-04-17 00:09:08'),
(14,	16,	'1212',	'Bad/QC/PROC/1.2',	1,	2,	1,	1,	1,	'Kulkarni',	'Mr. Maxeem Gill',	1.2,	'2021-04-16',	'2021-04-17',	'{\"objective\":\"Objective Test 1.2\",\"department_and_third_party_involvement\":[\"asd\",\"jlksdjl\",\"lksdjfl\"],\"list_of_document_involved\":[\"ksjdfl\",\"ojsodiio\",\"iosdnv\"],\"process_description\":{\"description\":[\"sldkj\"],\"unit\":[\"KG\"],\"designation_responsibility\":[\"kjsdlkf\"],\"document_in_use\":[\"lksdjlf\"],\"spacial_remarks\":[\"lkjdlsk\"]},\"name_of_reference_document\":[\"slkdfl\",\"jlkdjfl\",\"skjfdl\"],\"reference_document_urls\":[]}',	'UPDATE',	'ACTIVE',	'APPROVE',	'APPROVE',	NULL,	NULL,	NULL,	'2021-04-17 00:09:08',	'2021-04-17 03:39:59'),
(17,	16,	'7788',	'Bad/QC/PROC/1.1',	1,	2,	1,	1,	1,	'Kulkarni',	NULL,	1.1,	'2021-04-16',	'2021-04-17',	'{\"objective\":\"Objective Test1.1\",\"department_and_third_party_involvement\":[\"asd\",\"jlksdjl\",\"lksdjfl\"],\"list_of_document_involved\":[\"ksjdfl\",\"ojsodiio\",\"iosdnv\"],\"process_description\":{\"description\":[\"sldkj\"],\"unit\":[\"KG\"],\"designation_responsibility\":[\"kjsdlkf\"],\"document_in_use\":[\"lksdjlf\"],\"spacial_remarks\":[\"lkjdlsk\"]},\"name_of_reference_document\":[\"slkdfl\",\"jlkdjfl\",\"skjfdl\"],\"reference_document_urls\":[]}',	'ROLL_BACK',	'ARCHIVED',	NULL,	NULL,	NULL,	NULL,	NULL,	'2021-04-17 01:15:19',	'2021-04-17 01:27:00'),
(18,	16,	'999',	NULL,	1,	2,	1,	1,	1,	'Kulkarni',	NULL,	NULL,	'2021-04-16',	NULL,	'{\"objective\":\"Objective Test1.1\",\"department_and_third_party_involvement\":[\"asd\",\"jlksdjl\",\"lksdjfl\"],\"list_of_document_involved\":[\"ksjdfl\",\"ojsodiio\",\"iosdnv\"],\"process_description\":{\"description\":[\"sldkj\"],\"unit\":[\"KG\"],\"designation_responsibility\":[\"kjsdlkf\"],\"document_in_use\":[\"lksdjlf\"],\"spacial_remarks\":[\"lkjdlsk\"]},\"name_of_reference_document\":[\"slkdfl\",\"jlkdjfl\",\"skjfdl\"],\"reference_document_urls\":[]}',	'DEACTIVATE',	'DEACTIVE',	NULL,	NULL,	NULL,	NULL,	NULL,	'2021-04-17 01:27:00',	'2021-04-17 01:27:00'),
(19,	16,	'Test-QC-001',	'Bad/QC/PROC/1.0',	1,	2,	1,	23,	50,	'Kulkarni',	NULL,	1.0,	'2021-04-17',	NULL,	'{\"objective\":\"To elaborate step-by-step process involved in Inward on All liquid \\/solid  imported \\/local Raw material with SYSTEM GERERATED  PO\",\"department_and_third_party_involvement\":[\"Purchase\",\"Stores\",\"QC\"],\"list_of_document_involved\":[\"GRN & COA from Supplier\",\"Sample register & register\",\"Internal Testing Record Book\",\"Tally & Excel sheet (Testing Data)\",null,null],\"process_description\":{\"description\":[\"Information of receipt of Raw Material from stores\",\"write internal batch number at least 2 sides of jumbo \\/ packing  do entry in sample register  weigh the raw material & do entry in register\",\"withdraw samples\",\"Carry out testing as per raw material specification  parameters\",\"Check whether  Raw Material is as per specification  or not\",\"Enter all testing data in system\",\"Generate COA\",\"Get authorization from Technical Head\",\"Give Instruction To Stores APPROVAL \\/ REJECTION\",\"Generate QC labels & Affix on each bag\\/drum also write approved for which party  & approved for which process\'s on each pack  & coa number in circle\",\"get weighing slip from stores\",\"After approval  do raw material stock transfer  entry in system  & move the material to destination store with actual received quantity .\",null],\"unit\":[\"NOs\",\"NOs\",\"NOs\",\"NOs\",\"NOs\",\"KG\",\"KG\",\"KG\",\"KG\",\"KG\",\"KG\",\"KG\",\"KG\"],\"designation_responsibility\":[\"STORES Manager\",\"QC Head\",\"QC + STORES Heads\",\"QC Head\",\"QC Head\",\"QC Head\",\"QC Head\",\"Technical Head\",\"QC Head\",\"QC Head\",\"STORES\",\"QC \\/ STORES\",null],\"document_in_use\":[\"GRN & COA from Supplier\",\"REGISTER\",null,\"Internal Testing Record Book\",null,\"tally & excel sheet\",\"tally\",\"Tally\",null,null,null,\"Tally\",null],\"spacial_remarks\":[\"GRN should be generated for  Incoming Raw Material Batch Generation\",\"while unloading ensure batch numbers to be written on raw material bag\",\"use safety equipment\'s to avoided accidents , label container properly , follow sampling procedure from QC Manual\",\"Refer QC manual\",\"Refer QC manual  also compare with results of preshipment samples\",\"Inform Directly to Stores HEAD\",null,null,null,\"Ensure store Labels are affixed on each bag\\/ drum  , check batch number\",\"for final weight receipt of Raw Material\",null,null]},\"name_of_reference_document\":[\"Non\",null,null],\"reference_document_urls\":[\"reference_documents\\/Test-QC-001\\/19\\/161864850287.docx\"]}',	'CREATE',	'SAVED',	NULL,	NULL,	NULL,	NULL,	NULL,	'2021-04-17 02:57:36',	'2021-04-17 03:05:02'),
(20,	25,	'Test-HRADM-001',	'Bad/HR&/PROC/1.0',	1,	5,	1,	64,	106,	'Sumant K',	'Mr. Maxeem Gill',	1.0,	'2021-04-17',	NULL,	'{\"objective\":\"To elaborate step-by-step process involved in Hiring HOD\'s & Managers\",\"department_and_third_party_involvement\":[\"MD Sir\\u2019s Office\",\"HR head\",\"Accounts\",\"Candidate\",\"Recruitment Agency\",null,null,null,null],\"list_of_document_involved\":[\"JD (Job Description & Job specification) of Candidate\",\"Candidate\\u2019s Application\",\"Standard Offer Letter Format\",\"Soft Copy of Letter of Resignation duly accepted.\",\"Welcome Letter - Standard Format\",\"Individual Employee File (With Name)\",\"Bill From Recruitment Agency\",\"mmmmmmmmmmmmmmmmm mmmmmmmmmmmmmmmm mmmmmmmmmmmmmmmmmmmmmmmmmmmmmmmmm\",\"mmmmmmmmmmmmmmmmmmmmmm mmmmmmmmmmmmmm mmmmmmmmmmmmmmmm\"],\"process_description\":{\"description\":[\"Receive instruction from MD Sir\'s office for HOD position recruitment\",\"Write up and finalise JD with MD Sir\'s office for the concerned vacancy\",\"List out recruitment options, their costs and submit to MD Sir\'s office for approval and finalisation of agency for placement search.\",\"Shortlist at-least 5 candidates per position and file them for MD\'s review\",\"Schedule the interviews as per directions received from MD\'s office.\",\"Conduct Interviews as scheduled, in case of any changes or delays, inform MD\'s secretary well in time & re-schedule as confirmed by the secretary.\",\"Candidate Selection\",\"Offer Letter\\/s to be issued to the Selected Candidates, requesting information, documentation & Dt. Of joining\",\"Check References and Perform Background Checks.\",\"Receive a copy of \\\"Resignation Letter duly accepted\\\".\",\"Joining Confirmation\",\"Welcome \\/ Induction of Employee on Joining Day\",\"Documentation\",\"Handing Over Access Card\",\"Bill Submission\",\"Payments\",null],\"unit\":[\"KG\",\"KG\",\"KG\",\"KG\",\"KG\",\"KG\",\"KG\",\"KG\",\"KG\",\"KG\",\"KG\",\"KG\",\"KG\",\"KG\",\"KG\",\"KG\",\"KG\"],\"designation_responsibility\":[\"MD Sir\",\"HR Head\",\"HR Head\",\"HR Head\",\"HR Head\",\"HR Head & Secretary\",\"MD Sir\",\"HR Head\",\"HR Head\",\"HR Head & Candidate\",\"HR Head\",\"HR Head\",\"HR Head\",\"HR Head\",\"HR Head\",\"Accounts\",null],\"document_in_use\":[\"Email \\/ Verbal instructions\",null,\"Jobsearchindia.in                 Shailendra                                               02241134431. \\/  9619680322 career.weaspire.com                 Sanjana 9139154804 \\/ 8805399440\",\"File Name format - \\\"Designation\\\" for Example \\\"Marketing Manager\\\"\",\"\\\"Interview Schedule\\\"\",\"Interview Schedule\",\"Verbal instructions \\/ Email\",\"Standard Offer Letter Format\",null,\"Soft Copy of Letter of Resignation duly accepted.\",null,\"Welcome Letter - Standard Format\",\"Individual Employee File (With Name)\",null,\"Bill\",null,null],\"spacial_remarks\":[null,\"Job Description & Job specification describes the knowledge, skills, education, experience, and abilities you believe are essential to performing a particular job.\",\"Mail your Candidates requirement with all the necessary inputs to Job consultants or any sources from which company can Hire desired candidate\",\"The goal is to eliminate the applicants who definitely don\'t fit the profile you are seeking. File at-least 5 CVs in the file and hand-over to MD\'s Secretary for MD\'s review.\",\"MD\'s secretary will follow up with MD for interview schedules.\",\"If any last minute cancellations happen from MD\'s office, intimate the candidates \\/ agency about the same and re-schedule the interviews.\",\"MD\'s secretary shall notify shortlisted candidate \\/ candidates for further negotiations & \\/ or term finalisation as per interview discussion, arrange for second round of interview if required.\",\"-\",\"check references and background for the candidates during and following your second interviews. Make sure you check all claims by the candidate including educational credentials, employment history and criminal background. When possible, the best source of information is the applicant\\u2019s past managers \\/ HR Head Dept\",null,\"Confirm the Date of Joining after all the necessary discussions with the Candidates\",\"Critical - Email ID generation, PC, Sitting Space, Swipe Card, Office SIM card, T-shirts, Office Timings & general information.\",\"Resume, Qualifications Certificates, Past Employment Reliving Letter, Aadhar Card, PAN Card, Signing of NDA, Duly signed duplicate copy of Offer letter and Appointment letter, 2 passport size photos. Make a file and keep in records. Handing over Access Card and walkie talkie(HOD)\",\"For Attendance & Door Access\",\"If candidate hired from Job consultancy submit the bill to Account dept according to the terms and conditions decided with them. Please confirm with the accounts for the terms or go tHR Headough the mail. (HR Head@rcmpa.com) job consultants 1. career.weaspire 6% + GST of Yearly Package 2. jobsearchindia.in 7% + GST of yearly package\",\"Confirm with the accounts that payment is done in time\",null]},\"name_of_reference_document\":[\"JD (Job Description & Job specification)Fomat  of Candidate\",\"Candidate\\u2019s Application format\",\"Standard Offer Letter Format\",\"Welcome Letter - Standard Format\",null,null],\"reference_document_urls\":[]}',	'CREATE',	'ARCHIVED',	'APPROVE',	'APPROVE',	NULL,	NULL,	NULL,	'2021-04-17 03:14:48',	'2021-04-17 06:09:41'),
(21,	26,	'Test-FIn-001',	'Bad/Fin/PROC/1.0',	1,	6,	1,	73,	147,	'Amit Singh',	NULL,	1.0,	'2021-04-17',	NULL,	NULL,	'CREATE',	'SAVED',	NULL,	NULL,	NULL,	NULL,	NULL,	'2021-04-17 03:47:59',	'2021-04-17 03:47:59'),
(22,	26,	'Test-FIn-001',	'Bad/Fin/PROC/1.0',	1,	6,	1,	73,	147,	'Amit Singh',	NULL,	1.0,	'2021-04-17',	NULL,	NULL,	'CREATE',	'SAVED',	NULL,	NULL,	NULL,	NULL,	NULL,	'2021-04-17 03:47:59',	'2021-04-17 03:47:59'),
(23,	26,	'Test-FIn-001',	'Bad/Fin/PROC/1.0',	1,	6,	1,	73,	147,	'Amit Singh',	NULL,	1.0,	'2021-04-17',	NULL,	NULL,	'CREATE',	'SAVED',	NULL,	NULL,	NULL,	NULL,	NULL,	'2021-04-17 03:48:00',	'2021-04-17 03:48:00'),
(24,	26,	'Test-Fin-003',	'Bad/Fin/PROC/1.0',	1,	6,	1,	73,	146,	'Amit Singh',	'Mr. Maxeem Gill',	1.0,	'2021-04-17',	NULL,	'{\"objective\":\"To elaborate step-by-step process involved in Bill Booking i.e Sales Bill Booking.\",\"department_and_third_party_involvement\":[\"Accounts\",\"Stores\",\"Logistics\",\"QC\",null,null],\"list_of_document_involved\":[\"Delivery Note\",\"Tax Invoice\",null],\"process_description\":{\"description\":[\"Accounts make Delivery Note from Tally with the Help of QC Head against Sales Order.\",\"Delivery Note is handed over to Stores, who Moves material from Main Stores to Dispatch Area & then handover the Delivery Note to Logistics Team.\",\"Logistics Team makes the material ready by Following Customers Packaging & Labelling Instructions.\",\"After Labelling by Logistics, QC Dept, affix the final label of \\\" QC Approved\\\".\",\"After Receiving Instructions & Delivery Note from Logistics Team, Accounts Team make the Sales Bill from Tally.\",\"Once Sales Bill is made by Accounts Asst.,Accounts Head Approves the Sales Bill.\",\"After Approval, Accounts Head gives 3 printout of Sales Bill.\",\"After Printout, 3 Copies of Sales Invoice handed over to Logistics Team for Dispatch.\",\"Logistics Team , will make the Eway Bill ,if Required.\",null,null,null,null,null],\"unit\":[\"KG\",\"KG\",\"KG\",\"KG\",\"KG\",\"KG\",\"KG\",\"KG\",\"KG\",\"KG\",\"KG\",\"KG\",\"KG\",\"KG\"],\"designation_responsibility\":[\"Accounts Head\",\"Stores Asst. \\/ Manager\",\"Logistics Head\",\"QC Chemist\",\"A\\/C\'s Asst.\",\"Accounts Head\",\"Accounts Head\",\"Accounts Head\",\"Logistics Head\",null,null,null,null,null],\"document_in_use\":[null,\"Delivery Note\",\"Delivery Note\",null,null,\"Tax Invoice\",\"Tax Invoice\",\"Tax Invoice\",\"Tax Invoice\",null,null,null,null,null],\"spacial_remarks\":[\"Delivery Note : Required for Batch Number & Qty allotted to respective Sales Order.\",\"Stores team used the Delivery note for Movement of material of Specific Batch Allotted to customer.\",null,null,null,null,\"Sales Bill has 2 Signatures (Accounts Head & Sales Head)\",\"-\",\"Eway Bill is required if, Value of Sales Bill is above Rs 50,000 ( Interstate) & Rs 1,00,000.00 ( within State)\",null,null,null,null,null]},\"name_of_reference_document\":[\"Non\",\"-\",\"-\"],\"reference_document_urls\":[\"reference_documents\\/Test-Fin-003\\/24\\/161865197770.docx\"]}',	'CREATE',	'ACTIVE',	'APPROVE',	'APPROVE',	NULL,	NULL,	NULL,	'2021-04-17 03:52:32',	'2021-04-17 04:05:16'),
(25,	27,	'Test-Prdn-001',	'Bad/Pro/PROC/1.0',	1,	7,	1,	105,	225,	'Vinod Tarmale',	'Mr. Maxeem Gill',	1.0,	'2021-04-17',	NULL,	'{\"objective\":\"To elaborate step-by-step process involved in Exporting Haz shipments  \\u2022\\tAirlines will generally not accept HAZ Cargo \\u2022\\tIn case of Air Cargo - one envelope containing documents is send separately that goes along with the every shipment\",\"department_and_third_party_involvement\":[\"Stores\",\"COO Agent\",\"CHA\",\"Courier\",\"Forklift \\/ Pallet Wrapping\",\"A\\/C\",\"Transporter\",null,null],\"list_of_document_involved\":[\"Delivery Note\",\"Quotation Approval \\u2013 duly signed\",\"Export Documents \\u2013 Invoice \\/ PL \\/ COO \\/ COA \\/ EVD \\/ VGM \\/ E-Way Bill\",\"Export Invoice in INR from A\\/C\",\"Bill of Lading\",\"CHA Invoice & supportings\",null,null,null],\"process_description\":{\"description\":[\"Stores moves the FG by batch number into the dispatch section and hand over Physical copy of Delivery Note from Tally to Logistics for dispatch.\",\"Quotation Rate Approval from CHA (Enquiry to be floated with at-least 3 CHA offices)\",\"Request send to CHA for HAZ Cargo Approval (CHA sends Shipping Line format for HAZ Cargo declaration, which is signed, stamped and returned to CHA office).\",\"Vessel Schedule received from the CHA office\",\"Packaging prior to Dispatch - Palletization, Pallet Labels, Strapping & Shrink Wrap (Vessel Cut-Off Date is Critical and needs to be monitored closely)\",\"Request Accounts for Tax Invoice Print (Triplicate)\",\"Complete Export Documentation Printing (4 Sets) Ref: Process 13.1.1 - 13.1.8(Inv\\/PL\\/EVD\\/VGM) \\/ 12.1.1 - 12.1.4 (COA) \\/ 4.1.1 - 4.1.7(Eway Bill)\",\"Arranging Forklift & Transport for movement of Cargo to Nhava Sheva\",\"If Cargo is going by Sea, CHA \\/ Nomination agent will notify the CFS Gate Name where the Cargo will be held for stuffing and in case of Air, it goes to Airport Cargo section. Dispatch accordingly.\",\"Get Dispatch Approval Form duly signed from A\\/c & Logistics HOD before dispatching the material\",\"Soft copy of Export documents to be Emailed to the CHA \\/ Nominated Agent\'s office for Clearance of Cargo\",\"CHA will then email the Check-list for our approval, before filing Shipping Bill (SB gets filed basis Check-list approved)\",\"Email duly signed Check-list approval form to CHA office.\",\"COO generation (IAFTA & SEPA through agent) Ref: 3.1\\/3.2\\/3.3\",\"BL ( Bill of Landing) Draft approval from Sales\",\"Couriering of Documents to Consignee with COO & Email Softcopy to Sales Manager \\/ HOD\",\"Receiving Documents from CHA Office & notifying Accounts for Bank submission of the documents\",\"Physical Storage of Export Documents\",\"CHA Bill Verification & Submission to Accounts\",null],\"unit\":[\"KG\",\"KG\",\"KG\",\"KG\",\"KG\",\"KG\",\"KG\",\"KG\",\"KG\",\"KG\",\"KG\",\"KG\",\"KG\",\"KG\",\"KG\",\"KG\",\"KG\",\"KG\",\"KG\",\"KG\"],\"designation_responsibility\":[\"Store Manager\",\"Manager -Logistics Export\",\"Manager -Logistics Export\",\"CHA-Office\",\"Manager -Logistics Export\",\"Manager -Logistics Export\",\"Manager -Logistics Export\",\"Manager -Logistics Export\",\"Manager -Logistics Export\",\"Manager -Logistics Export \\/ Logistic Head \\/ Accounts Head\",\"Manager -Logistics Export\",\"CHA office\\/Logistics Export & Head - Accounts\",\"Logistics Export & Head - Accounts\",\"Manager -Logistics Export\",\"Manager -Logistics Export\",\"Manager -Logistics Export\",\"CHA office\\/Logistics Export & Accounts\",\"Manager -Logistics Export\",\"Manager -Logistics Export\",null],\"document_in_use\":[\"Delivery Note\",\"Email \\/ Export P.O.\",\"Exp.Inv\\/Exp.PL\\/MSDS\\/IIP Cert. \\/ Shipping Line HAZ Declaration Form\",\"Email\",\"Pallet Labels & Pallet Packing List (for palletwise stacking accuracy)\",\"Tax Invoice\",\"Exp. Inv\\/ Exp. PL\\/ VGM\\/ EVD\\/ COA\\/MSDS\\/Insurance\\/Eway Bill\\/Tax Inv\",\"Job Challan for rate Approval\",\"Sealed envelope with 4 sets of documents & contact number at Carting Gate\",\"Dispatch Approval Form\",\"All Export documents, including valid IIP certificate\",\"Check-list\",\"Check-list Approval Form\",\"COO\",\"Draft BL ( Billing Of Landing)\",\"Exp.Inv\\/Exp PL\\/COA\\/MSDS\\/ COO\",\"Exp.Inv\\/Exp. PL\\/EVD\\/VGM\\/Shipping Bill\\/BL\\/CHA Inv\\/Measurement Bill\",null,\"CHA Invoice\",null],\"spacial_remarks\":[\"Delivery Note - Batch number errors may occur. A red flag needs to be raised if Batch numbers appears wrong or illogical.\",\"A comparison sheet (Quote Comparison.xls) is used to get Final PO approved and Signed copy is emailed to the CHA office and original maintained in record.\",\"Ensure IIP Certificate is Valid, Use ONLY approved copies of MSDS, Inv & PL to be printed using Automated Sheet* Ref: Process 13.1.2\",\"Vessel schedule un-officially shared with Stores\\/Prod\\/QC for in time readiness of Cargo for dispatch\",\"Ensure that Production & QC labels are in place, Pallet Stacking to match QC labels for Drum numbers as per pallet packing list. Ensure packaging is clean & not damaged. Weigh EACH UNIT before palletization.\",\"Tax invoice does not go to the consignee but is used only for Customs Clearance\",\"Make sure Cargo is insured & Eway Bill generated before dispatch. Also note Non-Haz Certificate cannot go with HAZ Cargo so don\\u2019t print it.\",\"Use approved vendors or if the vendor is new, make sure the rate matches or is less than the rate of approved vendors.\",\"Information about the carting gate to be received from CHA office (in case of FOB shipment from the nominated agents office), Ensure an enclosed vehicle during Monsoon\",null,\"This is to ensure smooth clearance process and cargo inwards at the CIF gate once the cargo reaches CIF\",\"Ensure that Check-list is reviewed and formally approved by Accounts Department & Only then confirm to the CHA office\",null,\"Maharashtra Chambers \\/ GSP Office - SEPA form & IAFTA form, Blank forms of SEPA\\/IAFTA\\/MCC Forms\",\"Draft BL to be shared & approved by Sales Head to ensure zero error in the making of BL. Amending BL is costly.\",\"Ensure that the Courier reaches consignee BEFORE vessel reaches the port, CROSS check \\\"Payment Terms\\\" & Only courier once Payment terms have been MET OR Specific written approval from Sales is received.\",\"Accounts Department then needs to lodge the documents with the Bank\",\"Export Documentation \\/ Year \\/ File Number (Insurance Copy & Approved CHA Quotation)\",\"CHA Bill gets verified with the approved Quotation any discrepancies are either justified and accepted by HOD OR a debit note is issued by Accounts Dept. If there are any un-planned expenses, take pre-approval by email from HOD with A\\/c head in CC.\",null]},\"name_of_reference_document\":[\"Export_DispatchForm.xlsx\",\"AUTOMATEDEXPINVOICE&PL - new 29.09.2020.xlsm\",null],\"reference_document_urls\":[]}',	'CREATE',	'ACTIVE',	'APPROVE',	'APPROVE',	NULL,	NULL,	NULL,	'2021-04-17 04:14:51',	'2021-04-17 04:50:53'),
(26,	27,	'Test-Prdn-001',	'Bad/Pro/SOP/1.0',	1,	7,	2,	98,	213,	'Vinod Tarmale',	NULL,	1.0,	'2021-04-17',	NULL,	'{\"objective\":\"SOP\'s  Involved in manufacturing of CAN  From Cerium IV Hydroxide.\",\"chemical_required\":{\"checmical_name\":[\"Nitric Acid\",\"TREO Basis Cerium Hydroxide\",\"T Solution of Total TREO\",\"Ammonium  Nitrate Crystals\",\"Cerium IV Nitrate  Concentrate   Clear Solution\",\"Free Nitric Acid\"],\"chemical_make\":null,\"chemical_grade_purity\":null,\"chemical_quantity\":null,\"chemical_unit\":[\"KG\",\"KG\",\"NOs\",\"KG\",\"KG\",\"KG\"]},\"equipement_required\":{\"equipement_name\":[\"PP Black Coloured reactor\",\"Scrubber\",\"Cut Drums\",\"Tray Dryer\",\"Blue Drums\"],\"equipement_location_mark_and_number\":[null,null,null,null,null],\"equipement_capacity\":[\"5KL\",null,\"7-8 (200 Lit)\",null,\"25\"],\"equipement_unit\":[\"KG\",\"KG\",\"KG\",\"KG\",\"KG\"]},\"pre_production_process\":\"<ol>\\r\\n\\t<li>Clean 5 Kl Pp Black Coloured&nbsp; Reactor. Take Approval&nbsp; From QC .<\\/li>\\r\\n<\\/ol>\",\"production_process\":\"<ol>\\r\\n\\t<li>Take 2600 Kg Nitric Acid in 5 Kl&nbsp; Pp Reactor,&nbsp; Start Scrubber &amp; Apply Suction to Reactor.&nbsp; Now Add 710Kg<\\/li>\\r\\n\\t<li>TREO Basis Cerium Hydroxide (&nbsp; Nitric Require Will Be 3.66 T of TREO. 1000kg&nbsp; Hydroxide of 71&nbsp; % TREO&nbsp; )<\\/li>\\r\\n\\t<li>with Stirring Continue Stirring for 3-4 Hrs, Then Transfer This Slurry to 20KL White PP Tank Near GLR ,&nbsp;&nbsp; Repeat this for Two Batches Or As Per Requirement.<\\/li>\\r\\n\\t<li>Allow to Settle for Two Days,&nbsp; After 2 Days Analyse TREO in Clear Solution. Mean While Take 7-8 Cut Drums of 200 Lit&nbsp; &amp; Take 75 Lit Nitric in Each Drum . Connect This to Ammonia Addition&nbsp; Unit &amp; Purge Liquid Ammonia Till&nbsp; It&nbsp; Becomes Neutral. The Reaction Is&nbsp; Exothermic So Addition&nbsp; Must Be in&nbsp; Controlled Way due to Heat Generation the Drum May Melt<\\/li>\\r\\n\\t<li>We&nbsp; Need 2.66 T Solution of Total TREO. Prepare Accordingly As Require for Individual&nbsp; Batch.&nbsp; If We Are dissolving Amonium&nbsp; Nitrate Crystals Then Take 1.33 Times Ammonium&nbsp; Nitrate Crystals and Dissolve It&nbsp; in 1.1 Water and Use in Batch.<\\/li>\\r\\n\\t<li>Now Take 1500&nbsp; lit\\/1000Iit&nbsp; Cerium IV Nitrate&nbsp; Concentrate&nbsp;&nbsp; Clear Solution in 3 KL \\/2kL Glr,&nbsp;&nbsp; Analyse TREO in Lab and Calculate Amount&nbsp; of Ammonium&nbsp; Nitrate Solution Required for Batch, Add 24-26kg Or 15&nbsp; Kg Free Nitric Acid(0.016T&nbsp; of Volume) to Solution&nbsp;&nbsp; Close the Manhole .Apply&nbsp; Vaccume Through Ejector by Keeping 20 % Vent Valve Open.<\\/li>\\r\\n\\t<li>Start Heating at Steam Pressure of 2.4Kg&nbsp; Start Condenser Cooling to Start Condensation at 50&nbsp; at 75 C Add Ammonium&nbsp; Nitrate ( 2.66 T of TREO) Take Care That the Ammonium&nbsp; Nitrate Doesnot Touch Walls of Reactor Directly Which Causes&nbsp; damage of Reactor.<\\/li>\\r\\n\\t<li>After Addition of Ammonium&nbsp; Nitrate Continue Heating Till Temperature 120&nbsp;&nbsp;&nbsp; C&nbsp; (&nbsp; Distill Volume&nbsp; Approx 550 lit and Spg 157 for 1000lit Ce Iv Nitrate Soln).Check&nbsp; Spg at 480-525 lit&nbsp; Also.<\\/li>\\r\\n\\t<li>After Reaching 120* C \\/spg 1.57&nbsp; Stop Heating Cool Gradually for 11hrs.Apply&nbsp; Force Cooling for Approx&nbsp; 1hr Till Temp 50*<\\/li>\\r\\n\\t<li>At 50 * C&nbsp; Unload Slurry on Nutch and Keep It on Nutch for 2Hr&nbsp; to Remove All ML. Transfer This ML to Waste CAN\\/ CAS ML Storage 8 KL Black PP Tank .(600 Iit&nbsp; NUtch ML)<\\/li>\\r\\n\\t<li>After 1&nbsp;&nbsp;&nbsp; Hr Start Loading CF 2 &amp; CF 3 Only ,&nbsp;&nbsp; These Two CF Are Coated and Can Be Used in CAN Medium, Ther CF Are Not Suitable for This Duty Cause Corresion So Do Not Use Other CFS .&nbsp;&nbsp; Do Not Use Ss Scoops Also.<\\/li>\\r\\n\\t<li>Spin the Cf for 1hr&nbsp; Load the Cf Material in SS Trays of SS Tray Dryer Load Around 8.0-8.5Kg&nbsp; Material in&nbsp; Each Tray. Transfer All Cfml to Wate CAN\\/CAS ML 8 KL Black Storage Tank<\\/li>\\r\\n\\t<li>Close the Door and Start Heating of Tray Dryer at 4Kg Pressure, Keep 10 % Vent Valve Open .&nbsp;&nbsp; Allow to Raise Temperature&nbsp; Upto 85 * C, Keep Material&nbsp; at 85-80 C for 4 Hr,&nbsp; Then Cool&nbsp; Gradualy for 1hr 30min .Remove the Tray and Crush the Material&nbsp; Manually and Again Start Heating and Maintain at 85-80&nbsp; for 3hr 30mins. After Complete Dryng Cool the Dryer Till&nbsp; 45C with Blower ON ,&nbsp;&nbsp;&nbsp; After Cooling Fill the CAN Material&nbsp; in Liners . This Material&nbsp; ls Very Hygroscopic&nbsp; So Always&nbsp; Keep in Airtight Packing.<\\/li>\\r\\n<\\/ol>\",\"post_production_process\":\"<ol>\\r\\n\\t<li>Sieve the Material Through&nbsp; Plastic Sieve to Remove Over Size Material, Pack Proper Material in 25 Kg Packing in Blue Hdpe Drums. Seperate the Over Size Lumps, Weigh It and Put It in ML\\/ WASTE&nbsp; MLR Tank.<\\/li>\\r\\n\\t<li>Give 1Kg&nbsp; Sample to QC , Put Production &amp; Product Lables on Each Drum, Put Loose Material in&nbsp; Blue Drum with Lable As LOOSE Material.&nbsp; Transfer This Material to QC UNDER TESTING AREA.<\\/li>\\r\\n\\t<li>Update the BMR &amp; Close the BMR.<\\/li>\\r\\n<\\/ol>\\r\\n\\r\\n<p>&nbsp;<\\/p>\",\"name_of_reference_document\":[\"Non\",\"-\",\"-\"],\"reference_document_urls\":[{}]}',	'CREATE',	'SAVED',	NULL,	NULL,	NULL,	NULL,	NULL,	'2021-04-17 04:14:51',	'2021-04-17 04:36:13'),
(29,	28,	'Test-Sales-001',	'Bad/Sal/PROC/1.0',	1,	9,	1,	128,	251,	'Satish Mundhe',	'Mr. Maxeem Gill',	1.0,	'2021-04-17',	NULL,	'{\"objective\":\"To elaborate step-by-step process involved in Annual Sales & Marketing Plan\",\"department_and_third_party_involvement\":[\"Sales & Marketing Head\",\"Sales Manager\",\"Marketing Manager\"],\"list_of_document_involved\":[\"Yearly Sales Plan Yearly\",null,null,\"Marketing Plan\",null,null],\"process_description\":{\"description\":[\"-\",\"-\"],\"unit\":[\"KG\",\"KG\"],\"designation_responsibility\":[\"-\",\"-\"],\"document_in_use\":[\"-\",\"-\"],\"spacial_remarks\":[\"-\",\"-\"]},\"name_of_reference_document\":[\"123\",\"126\",\"622\"],\"reference_document_urls\":[]}',	'CREATE',	'ACTIVE',	'APPROVE',	'APPROVE',	NULL,	NULL,	NULL,	'2021-04-17 04:57:57',	'2021-04-17 06:38:22'),
(30,	28,	'Test-Sales-001',	'Bad/Sal/SSS/1.0',	1,	9,	6,	135,	387,	'Satish Mundhe',	NULL,	1.0,	'2021-04-17',	NULL,	'{\"client_name\":\"XYZ\",\"identification\":{\"parameter\":[\"Phaycial Appearence\",\"Total TREO\",\"ceo2\"],\"specification\":[\"dark pink\",\">98%\",\"<>:\\\"}{)(*&^%$#@!?><\"],\"units\":[\"KG\",\"KG\",\"KG\"],\"remark\":[null,\"BY ICP OES\",\"test\"]}}',	'CREATE',	'REMOVE',	'REMOVE',	'REMOVE',	NULL,	NULL,	NULL,	'2021-04-17 04:57:57',	'2021-04-17 06:52:00'),
(31,	16,	'00990099',	'Bad/QC/PROC/1.0',	1,	2,	1,	1,	1,	'Kulkarni',	NULL,	1.0,	'2021-04-17',	NULL,	NULL,	'CREATE',	'SAVED',	NULL,	NULL,	NULL,	NULL,	NULL,	'2021-04-17 05:36:03',	'2021-04-17 05:36:03'),
(32,	16,	'00990099',	'Bad/QC/SOP/1.0',	1,	2,	2,	98,	213,	'Kulkarni',	NULL,	1.0,	'2021-04-17',	NULL,	NULL,	'CREATE',	'SAVED',	NULL,	NULL,	NULL,	NULL,	NULL,	'2021-04-17 05:36:03',	'2021-04-17 05:36:03'),
(33,	16,	'00990099',	'Bad/QC/SOP/1.0',	1,	2,	3,	99,	215,	'Kulkarni',	NULL,	1.0,	'2021-04-17',	NULL,	NULL,	'CREATE',	'SAVED',	NULL,	NULL,	NULL,	NULL,	NULL,	'2021-04-17 05:36:03',	'2021-04-17 05:36:03'),
(34,	16,	'00990099',	'Bad/QC/SOP/1.0',	1,	2,	4,	100,	218,	'Kulkarni',	NULL,	1.0,	'2021-04-17',	NULL,	NULL,	'CREATE',	'SAVED',	NULL,	NULL,	NULL,	NULL,	NULL,	'2021-04-17 05:36:03',	'2021-04-17 05:36:03'),
(35,	16,	'00990099',	'Bad/QC/MSDS/1.0',	1,	2,	5,	92,	194,	'Kulkarni',	NULL,	1.0,	'2021-04-17',	NULL,	NULL,	'CREATE',	'SAVED',	NULL,	NULL,	NULL,	NULL,	NULL,	'2021-04-17 05:36:03',	'2021-04-17 05:36:03'),
(36,	16,	'00990099',	'Bad/QC/SSS/1.0',	1,	2,	6,	93,	203,	'Kulkarni',	NULL,	1.0,	'2021-04-17',	NULL,	NULL,	'CREATE',	'SAVED',	NULL,	NULL,	NULL,	NULL,	NULL,	'2021-04-17 05:36:03',	'2021-04-17 05:36:03'),
(37,	16,	'11223344',	'Bad/QC/PROC/1.0',	1,	2,	1,	1,	1,	'Kulkarni',	NULL,	1.0,	'2021-04-17',	NULL,	NULL,	'CREATE',	'SAVED',	NULL,	NULL,	NULL,	NULL,	NULL,	'2021-04-17 05:36:56',	'2021-04-17 05:36:56'),
(38,	16,	'11223344',	'Bad/QC/SOP/1.0',	1,	2,	2,	98,	213,	'Kulkarni',	NULL,	1.0,	'2021-04-17',	NULL,	NULL,	'CREATE',	'SAVED',	NULL,	NULL,	NULL,	NULL,	NULL,	'2021-04-17 05:36:56',	'2021-04-17 05:36:56'),
(39,	16,	'11223344',	'Bad/QC/SOP/1.0',	1,	2,	3,	99,	215,	'Kulkarni',	NULL,	1.0,	'2021-04-17',	NULL,	NULL,	'CREATE',	'SAVED',	NULL,	NULL,	NULL,	NULL,	NULL,	'2021-04-17 05:36:56',	'2021-04-17 05:36:56'),
(40,	16,	'11223344',	'Bad/QC/SOP/1.0',	1,	2,	4,	100,	218,	'Kulkarni',	NULL,	1.0,	'2021-04-17',	NULL,	NULL,	'CREATE',	'SAVED',	NULL,	NULL,	NULL,	NULL,	NULL,	'2021-04-17 05:36:56',	'2021-04-17 05:36:56'),
(41,	16,	'11223344',	'Bad/QC/MSDS/1.0',	1,	2,	5,	92,	194,	'Kulkarni',	NULL,	1.0,	'2021-04-17',	NULL,	NULL,	'CREATE',	'SAVED',	NULL,	NULL,	NULL,	NULL,	NULL,	'2021-04-17 05:36:56',	'2021-04-17 05:36:56'),
(42,	16,	'11223344',	'Bad/QC/SSS/1.0',	1,	2,	6,	93,	203,	'Kulkarni',	NULL,	1.0,	'2021-04-17',	NULL,	'{\"client_name\":null,\"identification\":{\"parameter\":null,\"specification\":null,\"units\":null,\"remark\":null}}',	'CREATE',	'SAVED',	NULL,	NULL,	NULL,	NULL,	NULL,	'2021-04-17 05:36:56',	'2021-04-17 05:44:38'),
(43,	24,	'MAINT-007',	'Bad/Mai/PROC/1.0',	1,	4,	1,	63,	103,	'Manoj Vazirani',	NULL,	1.0,	'2021-04-17',	NULL,	NULL,	'CREATE',	'SAVED',	NULL,	NULL,	NULL,	NULL,	NULL,	'2021-04-17 05:38:28',	'2021-04-17 05:38:28'),
(44,	24,	'MAINT-007',	'Bad/Mai/SOP/1.0',	1,	4,	4,	100,	218,	'Manoj Vazirani',	NULL,	1.0,	'2021-04-17',	NULL,	'{\"purpose\":null,\"scope\":null,\"responsibility\":null,\"accountability\":null,\"defination\":null,\"procedures\":null,\"precautions\":null,\"applicable_formats_reference\":null,\"abbrevations\":null,\"document_history\":null,\"name_of_reference_document\":null}',	'CREATE',	'SAVED',	NULL,	NULL,	NULL,	NULL,	NULL,	'2021-04-17 05:38:28',	'2021-04-17 05:39:18'),
(45,	24,	'MAINT-007',	'Bad/Mai/PROC/1.0',	1,	4,	1,	63,	103,	'Manoj Vazirani',	NULL,	1.0,	'2021-04-17',	NULL,	'{\"objective\":null,\"department_and_third_party_involvement\":null,\"list_of_document_involved\":null,\"process_description\":{\"description\":null,\"unit\":null,\"designation_responsibility\":null,\"document_in_use\":null,\"spacial_remarks\":null},\"name_of_reference_document\":null,\"reference_document_urls\":[]}',	'CREATE',	'SAVED',	NULL,	NULL,	NULL,	NULL,	NULL,	'2021-04-17 05:38:29',	'2021-04-17 05:39:25'),
(46,	24,	'MAINT-007',	'Bad/Mai/SOP/1.0',	1,	4,	4,	100,	218,	'Manoj Vazirani',	NULL,	1.0,	'2021-04-17',	NULL,	NULL,	'CREATE',	'SAVED',	NULL,	NULL,	NULL,	NULL,	NULL,	'2021-04-17 05:38:29',	'2021-04-17 05:38:29'),
(47,	25,	'Test-HRadmin-Update-001',	'Bad/HR&/PROC/1.1',	1,	5,	1,	64,	106,	'Sumant K',	'Mr. Maxeem Gill',	1.1,	'2021-04-17',	'2021-04-17',	'{\"objective\":\"To elaborate step-by-step process involved in Hiring HOD\'s & Managers - Update test 1\",\"department_and_third_party_involvement\":[\"MD Sir\\u2019s Office\",\"HR head\",\"Accounts\",\"Candidate\",\"Recruitment Agency\",null,null,null,null],\"list_of_document_involved\":[\"JD (Job Description & Job specification) of Candidate\",\"Candidate\\u2019s Application\",\"Standard Offer Letter Format\",\"Soft Copy of Letter of Resignation duly accepted.\",\"Welcome Letter - Standard Format\",\"Individual Employee File (With Name)\",\"Bill From Recruitment Agency\",\"mmmmmmmmmmmmmmmmm mmmmmmmmmmmmmmmm mmmmmmmmmmmmmmmmmmmmmmmmmmmmmmmmm\",\"mmmmmmmmmmmmmmmmmmmmmm mmmmmmmmmmmmmm mmmmmmmmmmmmmmmm\"],\"process_description\":{\"description\":[\"Receive instruction from MD Sir\'s office for HOD position recruitment\",\"Write up and finalise JD with MD Sir\'s office for the concerned vacancy\",\"List out recruitment options, their costs and submit to MD Sir\'s office for approval and finalisation of agency for placement search.\",\"Shortlist at-least 5 candidates per position and file them for MD\'s review\",\"Schedule the interviews as per directions received from MD\'s office.\",\"Conduct Interviews as scheduled, in case of any changes or delays, inform MD\'s secretary well in time & re-schedule as confirmed by the secretary.\",\"Candidate Selection\",\"Offer Letter\\/s to be issued to the Selected Candidates, requesting information, documentation & Dt. Of joining\",\"Check References and Perform Background Checks.\",\"Receive a copy of \\\"Resignation Letter duly accepted\\\".\",\"Joining Confirmation\",\"Welcome \\/ Induction of Employee on Joining Day\",\"Documentation\",\"Handing Over Access Card\",\"Bill Submission\",\"Payments\",null],\"unit\":[\"KG\",\"KG\",\"KG\",\"KG\",\"KG\",\"KG\",\"KG\",\"KG\",\"KG\",\"KG\",\"KG\",\"KG\",\"KG\",\"KG\",\"KG\",\"KG\",\"KG\"],\"designation_responsibility\":[\"MD Sir\",\"HR Head\",\"HR Head\",\"HR Head\",\"HR Head\",\"HR Head & Secretary\",\"MD Sir\",\"HR Head\",\"HR Head\",\"HR Head & Candidate\",\"HR Head\",\"HR Head\",\"HR Head\",\"HR Head\",\"HR Head\",\"Accounts\",null],\"document_in_use\":[\"Email \\/ Verbal instructions\",null,\"Jobsearchindia.in                 Shailendra                                               02241134431. \\/  9619680322 career.weaspire.com                 Sanjana 9139154804 \\/ 8805399440\",\"File Name format - \\\"Designation\\\" for Example \\\"Marketing Manager\\\"\",\"\\\"Interview Schedule\\\"\",\"Interview Schedule\",\"Verbal instructions \\/ Email\",\"Standard Offer Letter Format\",null,\"Soft Copy of Letter of Resignation duly accepted.\",null,\"Welcome Letter - Standard Format\",\"Individual Employee File (With Name)\",null,\"Bill\",null,null],\"spacial_remarks\":[null,\"Job Description & Job specification describes the knowledge, skills, education, experience, and abilities you believe are essential to performing a particular job.\",\"Mail your Candidates requirement with all the necessary inputs to Job consultants or any sources from which company can Hire desired candidate\",\"The goal is to eliminate the applicants who definitely don\'t fit the profile you are seeking. File at-least 5 CVs in the file and hand-over to MD\'s Secretary for MD\'s review.\",\"MD\'s secretary will follow up with MD for interview schedules.\",\"If any last minute cancellations happen from MD\'s office, intimate the candidates \\/ agency about the same and re-schedule the interviews.\",\"MD\'s secretary shall notify shortlisted candidate \\/ candidates for further negotiations & \\/ or term finalisation as per interview discussion, arrange for second round of interview if required.\",\"-\",\"check references and background for the candidates during and following your second interviews. Make sure you check all claims by the candidate including educational credentials, employment history and criminal background. When possible, the best source of information is the applicant\\u2019s past managers \\/ HR Head Dept\",null,\"Confirm the Date of Joining after all the necessary discussions with the Candidates\",\"Critical - Email ID generation, PC, Sitting Space, Swipe Card, Office SIM card, T-shirts, Office Timings & general information.\",\"Resume, Qualifications Certificates, Past Employment Reliving Letter, Aadhar Card, PAN Card, Signing of NDA, Duly signed duplicate copy of Offer letter and Appointment letter, 2 passport size photos. Make a file and keep in records. Handing over Access Card and walkie talkie(HOD)\",\"For Attendance & Door Access\",\"If candidate hired from Job consultancy submit the bill to Account dept according to the terms and conditions decided with them. Please confirm with the accounts for the terms or go tHR Headough the mail. (HR Head@rcmpa.com) job consultants 1. career.weaspire 6% + GST of Yearly Package 2. jobsearchindia.in 7% + GST of yearly package\",\"Confirm with the accounts that payment is done in time\",null]},\"name_of_reference_document\":[\"JD (Job Description & Job specification)Fomat  of Candidate\",\"Candidate\\u2019s Application format\",\"Standard Offer Letter Format\",\"Welcome Letter - Standard Format\",null,null],\"reference_document_urls\":[]}',	'UPDATE',	'ACTIVE',	'APPROVE',	'APPROVE',	NULL,	NULL,	NULL,	'2021-04-17 06:09:41',	'2021-04-17 06:28:22'),
(48,	25,	'Test-HR&ADMIN-Rollback-001',	'Bad/HR&/PROC/1',	1,	5,	1,	64,	106,	'Sumant K',	'Mr. Maxeem Gill',	1.0,	'2021-04-17',	'2021-04-17',	'{\"objective\":\"To elaborate step-by-step process involved in Hiring HOD\'s & Managers\",\"department_and_third_party_involvement\":[\"MD Sir\\u2019s Office\",\"HR head\",\"Accounts\",\"Candidate\",\"Recruitment Agency\",null,null,null,null],\"list_of_document_involved\":[\"JD (Job Description & Job specification) of Candidate\",\"Candidate\\u2019s Application\",\"Standard Offer Letter Format\",\"Soft Copy of Letter of Resignation duly accepted.\",\"Welcome Letter - Standard Format\",\"Individual Employee File (With Name)\",\"Bill From Recruitment Agency\",\"mmmmmmmmmmmmmmmmm mmmmmmmmmmmmmmmm mmmmmmmmmmmmmmmmmmmmmmmmmmmmmmmmm\",\"mmmmmmmmmmmmmmmmmmmmmm mmmmmmmmmmmmmm mmmmmmmmmmmmmmmm\"],\"process_description\":{\"description\":[\"Receive instruction from MD Sir\'s office for HOD position recruitment\",\"Write up and finalise JD with MD Sir\'s office for the concerned vacancy\",\"List out recruitment options, their costs and submit to MD Sir\'s office for approval and finalisation of agency for placement search.\",\"Shortlist at-least 5 candidates per position and file them for MD\'s review\",\"Schedule the interviews as per directions received from MD\'s office.\",\"Conduct Interviews as scheduled, in case of any changes or delays, inform MD\'s secretary well in time & re-schedule as confirmed by the secretary.\",\"Candidate Selection\",\"Offer Letter\\/s to be issued to the Selected Candidates, requesting information, documentation & Dt. Of joining\",\"Check References and Perform Background Checks.\",\"Receive a copy of \\\"Resignation Letter duly accepted\\\".\",\"Joining Confirmation\",\"Welcome \\/ Induction of Employee on Joining Day\",\"Documentation\",\"Handing Over Access Card\",\"Bill Submission\",\"Payments\",null],\"unit\":[\"KG\",\"KG\",\"KG\",\"KG\",\"KG\",\"KG\",\"KG\",\"KG\",\"KG\",\"KG\",\"KG\",\"KG\",\"KG\",\"KG\",\"KG\",\"KG\",\"KG\"],\"designation_responsibility\":[\"MD Sir\",\"HR Head\",\"HR Head\",\"HR Head\",\"HR Head\",\"HR Head & Secretary\",\"MD Sir\",\"HR Head\",\"HR Head\",\"HR Head & Candidate\",\"HR Head\",\"HR Head\",\"HR Head\",\"HR Head\",\"HR Head\",\"Accounts\",null],\"document_in_use\":[\"Email \\/ Verbal instructions\",null,\"Jobsearchindia.in                 Shailendra                                               02241134431. \\/  9619680322 career.weaspire.com                 Sanjana 9139154804 \\/ 8805399440\",\"File Name format - \\\"Designation\\\" for Example \\\"Marketing Manager\\\"\",\"\\\"Interview Schedule\\\"\",\"Interview Schedule\",\"Verbal instructions \\/ Email\",\"Standard Offer Letter Format\",null,\"Soft Copy of Letter of Resignation duly accepted.\",null,\"Welcome Letter - Standard Format\",\"Individual Employee File (With Name)\",null,\"Bill\",null,null],\"spacial_remarks\":[null,\"Job Description & Job specification describes the knowledge, skills, education, experience, and abilities you believe are essential to performing a particular job.\",\"Mail your Candidates requirement with all the necessary inputs to Job consultants or any sources from which company can Hire desired candidate\",\"The goal is to eliminate the applicants who definitely don\'t fit the profile you are seeking. File at-least 5 CVs in the file and hand-over to MD\'s Secretary for MD\'s review.\",\"MD\'s secretary will follow up with MD for interview schedules.\",\"If any last minute cancellations happen from MD\'s office, intimate the candidates \\/ agency about the same and re-schedule the interviews.\",\"MD\'s secretary shall notify shortlisted candidate \\/ candidates for further negotiations & \\/ or term finalisation as per interview discussion, arrange for second round of interview if required.\",\"-\",\"check references and background for the candidates during and following your second interviews. Make sure you check all claims by the candidate including educational credentials, employment history and criminal background. When possible, the best source of information is the applicant\\u2019s past managers \\/ HR Head Dept\",null,\"Confirm the Date of Joining after all the necessary discussions with the Candidates\",\"Critical - Email ID generation, PC, Sitting Space, Swipe Card, Office SIM card, T-shirts, Office Timings & general information.\",\"Resume, Qualifications Certificates, Past Employment Reliving Letter, Aadhar Card, PAN Card, Signing of NDA, Duly signed duplicate copy of Offer letter and Appointment letter, 2 passport size photos. Make a file and keep in records. Handing over Access Card and walkie talkie(HOD)\",\"For Attendance & Door Access\",\"If candidate hired from Job consultancy submit the bill to Account dept according to the terms and conditions decided with them. Please confirm with the accounts for the terms or go tHR Headough the mail. (HR Head@rcmpa.com) job consultants 1. career.weaspire 6% + GST of Yearly Package 2. jobsearchindia.in 7% + GST of yearly package\",\"Confirm with the accounts that payment is done in time\",null]},\"name_of_reference_document\":[\"JD (Job Description & Job specification)Fomat  of Candidate\",\"Candidate\\u2019s Application format\",\"Standard Offer Letter Format\",\"Welcome Letter - Standard Format\",null,null],\"reference_document_urls\":[]}',	'ROLL_BACK',	'ARCHIVED',	'APPROVE',	'APPROVE',	NULL,	NULL,	NULL,	'2021-04-17 06:14:18',	'2021-04-17 06:20:19'),
(49,	25,	'Test-HR&ADMIN-Deactivate-001',	NULL,	1,	5,	1,	64,	106,	'Sumant K',	NULL,	NULL,	'2021-04-17',	NULL,	NULL,	'DEACTIVATE',	'DEACTIVE',	NULL,	NULL,	NULL,	NULL,	NULL,	'2021-04-17 06:20:19',	'2021-04-17 06:20:19'),
(50,	25,	'Test-HR&ADMIN-Process-002',	'Bad/HR&/PROC/1.0',	1,	5,	1,	65,	111,	'Sumant K',	NULL,	1.0,	'2021-04-17',	NULL,	'{\"objective\":\"Attendence of Staff workers offfice boys and cleaning staff - edit to check saved but not submitted\",\"department_and_third_party_involvement\":[\"Employees\",\"Accounts\",null],\"list_of_document_involved\":[\"attendence register\",\"Bio metric\",null],\"process_description\":{\"description\":[\"NA\"],\"unit\":[\"KG\"],\"designation_responsibility\":[\"NA\"],\"document_in_use\":[\"NA\"],\"spacial_remarks\":[\"NA\"]},\"name_of_reference_document\":[\"Attendence Register\",\"Bio-Metric attendence sheet\",null],\"reference_document_urls\":[]}',	'CREATE',	'SAVED',	'REJECT',	'REJECT',	NULL,	NULL,	NULL,	'2021-04-17 06:41:03',	'2021-04-17 06:43:47'),
(51,	16,	'Test-PFCSOP-Duplication3',	'Bad/QC/PROC/1.0',	1,	2,	1,	23,	50,	'Kulkarni',	NULL,	1.0,	'2021-04-21',	NULL,	'{\"objective\":null,\"department_and_third_party_involvement\":null,\"list_of_document_involved\":null,\"process_description\":{\"description\":null,\"unit\":null,\"designation_responsibility\":null,\"document_in_use\":null,\"spacial_remarks\":null},\"name_of_reference_document\":null,\"reference_document_urls\":[]}',	'CREATE',	'SAVED',	NULL,	NULL,	NULL,	NULL,	NULL,	'2021-04-21 07:07:26',	'2021-04-21 07:07:34'),
(52,	16,	'Test-PFCSOP-Duplication3',	'Bad/QC/SOP/1.0',	1,	2,	3,	99,	216,	'Kulkarni',	NULL,	1.0,	'2021-04-21',	NULL,	'{\"objective\":null,\"chemical_required\":{\"checmical_name\":null,\"chemical_make\":null,\"chemical_grade_purity\":null,\"chemical_quantity\":null,\"chemical_unit\":null},\"apparatus_required\":{\"apparatus_name\":null,\"apparatus_make\":null,\"apparatus_model\":null},\"pre_testing\":null,\"testing\":null,\"name_of_reference_document\":null}',	'CREATE',	'SAVED',	NULL,	NULL,	NULL,	NULL,	NULL,	'2021-04-21 07:07:26',	'2021-04-21 07:07:42');

DROP TABLE IF EXISTS `failed_jobs`;
CREATE TABLE `failed_jobs` (
  `id` bigint(20) unsigned NOT NULL,
  `uuid` varchar(255) COLLATE utf8mb4_unicode_ci NOT NULL,
  `connection` text COLLATE utf8mb4_unicode_ci NOT NULL,
  `queue` text COLLATE utf8mb4_unicode_ci NOT NULL,
  `payload` longtext COLLATE utf8mb4_unicode_ci NOT NULL,
  `exception` longtext COLLATE utf8mb4_unicode_ci NOT NULL,
  `failed_at` timestamp NOT NULL DEFAULT CURRENT_TIMESTAMP
) ENGINE=InnoDB DEFAULT CHARSET=utf8mb4 COLLATE=utf8mb4_unicode_ci;


DROP TABLE IF EXISTS `forms`;
CREATE TABLE `forms` (
  `id` bigint(20) unsigned NOT NULL AUTO_INCREMENT,
  `sequence` int(11) DEFAULT NULL,
  `form_name` varchar(255) COLLATE utf8mb4_unicode_ci NOT NULL,
  `deleted_at` timestamp NULL DEFAULT NULL,
  `created_at` timestamp NULL DEFAULT NULL,
  `updated_at` timestamp NULL DEFAULT NULL,
  PRIMARY KEY (`id`)
) ENGINE=InnoDB DEFAULT CHARSET=utf8mb4 COLLATE=utf8mb4_unicode_ci;

INSERT INTO `forms` (`id`, `sequence`, `form_name`, `deleted_at`, `created_at`, `updated_at`) VALUES
(1,	1,	'PROCESS AND FLOW CONTROL',	NULL,	NULL,	'2021-04-03 05:37:04'),
(2,	2,	'SOP(PRODUCTION)',	NULL,	NULL,	'2021-04-03 05:39:37'),
(3,	3,	'SOP(QUALITY CONTROL)',	NULL,	NULL,	NULL),
(4,	4,	'SOP(MAINTENANCE)',	NULL,	NULL,	NULL),
(5,	5,	'MSDS',	NULL,	NULL,	NULL),
(6,	6,	'SSS',	NULL,	NULL,	'2021-04-07 02:15:34');

DROP TABLE IF EXISTS `location`;
CREATE TABLE `location` (
  `id` bigint(20) unsigned NOT NULL AUTO_INCREMENT,
  `location_name` varchar(255) COLLATE utf8mb4_unicode_ci NOT NULL,
  `deleted_at` timestamp NULL DEFAULT NULL,
  `created_at` timestamp NULL DEFAULT NULL,
  `updated_at` timestamp NULL DEFAULT NULL,
  PRIMARY KEY (`id`)
) ENGINE=InnoDB DEFAULT CHARSET=utf8mb4 COLLATE=utf8mb4_unicode_ci;

INSERT INTO `location` (`id`, `location_name`, `deleted_at`, `created_at`, `updated_at`) VALUES
(1,	'Badlapur',	NULL,	'2021-04-16 00:29:58',	'2021-04-16 00:29:58');

DROP TABLE IF EXISTS `main_document_title`;
CREATE TABLE `main_document_title` (
  `id` bigint(20) unsigned NOT NULL AUTO_INCREMENT,
  `department_id` int(11) NOT NULL,
  `form_id` int(11) NOT NULL,
  `main_document_title` varchar(255) COLLATE utf8mb4_unicode_ci NOT NULL,
  `deleted_at` timestamp NULL DEFAULT NULL,
  `created_at` timestamp NULL DEFAULT NULL,
  `updated_at` timestamp NULL DEFAULT NULL,
  PRIMARY KEY (`id`)
) ENGINE=InnoDB DEFAULT CHARSET=utf8mb4 COLLATE=utf8mb4_unicode_ci;

INSERT INTO `main_document_title` (`id`, `department_id`, `form_id`, `main_document_title`, `deleted_at`, `created_at`, `updated_at`) VALUES
(1,	1,	1,	'Exporting Shipment by Airway / Seaway',	NULL,	'2021-04-16 00:32:56',	'2021-04-16 00:32:56'),
(2,	1,	1,	'Sending Pre-Shipment Samples',	NULL,	'2021-04-16 00:34:55',	'2021-04-16 00:34:55'),
(3,	1,	1,	'COO Generation',	NULL,	'2021-04-16 00:35:50',	'2021-04-16 00:35:50'),
(4,	1,	1,	'E-way Bill Generation',	NULL,	'2021-04-16 00:37:14',	'2021-04-16 00:37:14'),
(5,	1,	1,	'Sample Dispatch (Courier)',	NULL,	'2021-04-16 00:38:49',	'2021-04-16 00:38:49'),
(6,	1,	1,	'Import',	NULL,	'2021-04-16 00:39:38',	'2021-04-16 00:39:38'),
(7,	1,	1,	'Domestic Dispatch',	NULL,	'2021-04-16 00:41:01',	'2021-04-16 00:41:01'),
(8,	1,	1,	'Cargo movement - within Own Locations',	NULL,	'2021-04-16 00:41:52',	'2021-04-16 00:41:52'),
(9,	1,	1,	'Toll Manufacturing',	NULL,	'2021-04-16 00:42:46',	'2021-04-16 00:42:46'),
(10,	1,	1,	'Material In-wards',	NULL,	'2021-04-16 00:43:54',	'2021-04-16 00:43:54'),
(11,	1,	1,	'Certification',	NULL,	'2021-04-16 00:44:48',	'2021-04-16 00:44:48'),
(12,	1,	1,	'COA Certificate Requisition',	NULL,	'2021-04-16 00:46:01',	'2021-04-16 00:46:01'),
(13,	1,	1,	'Export Documentation generation',	NULL,	'2021-04-16 00:47:00',	'2021-04-16 00:47:00'),
(14,	1,	1,	'Authorisation of Logistics Vendors',	NULL,	'2021-04-16 00:47:57',	'2021-04-16 00:47:57'),
(15,	1,	1,	'Shipment Status Updation with Client',	NULL,	'2021-04-16 00:49:44',	'2021-04-16 00:49:44'),
(16,	1,	1,	'Label Printing',	NULL,	'2021-04-16 00:51:14',	'2021-04-16 00:51:14'),
(17,	1,	1,	'Express Dispatch',	NULL,	'2021-04-16 00:51:32',	'2021-04-16 00:54:10'),
(18,	1,	1,	'Requisition from Stores',	NULL,	'2021-04-16 00:55:02',	'2021-04-16 00:55:02'),
(19,	1,	1,	'Dispatch Registers',	NULL,	'2021-04-16 00:55:43',	'2021-04-16 00:55:43'),
(20,	1,	1,	'Cargo Movement Tracking',	NULL,	'2021-04-16 00:56:18',	'2021-04-16 00:56:18'),
(21,	1,	1,	'Bonded Warehouse',	NULL,	'2021-04-16 00:58:19',	'2021-04-16 00:58:19'),
(22,	1,	1,	'FG MSDS',	NULL,	'2021-04-16 00:59:27',	'2021-04-16 00:59:27'),
(23,	2,	1,	'INWARD RAW MATERIAL TESTING & INWARD',	NULL,	'2021-04-16 01:02:52',	'2021-04-16 01:02:52'),
(24,	1,	1,	'INWARD PRESHIPMENT SAMPLE TESTING',	NULL,	'2021-04-16 01:03:55',	'2021-04-16 01:03:55'),
(25,	2,	1,	'INWARD PRESHIPMENT SAMPLE TESTING',	NULL,	'2021-04-16 01:04:18',	'2021-04-16 01:04:18'),
(26,	2,	1,	'INPROCESS TESTING',	NULL,	'2021-04-16 01:04:49',	'2021-04-16 01:04:49'),
(27,	2,	1,	'CALIBRATION OF EQUIPMENTS & PREPERATION OF STANDARDS REQUIRED FOR CALIBRATION / TESTING',	NULL,	'2021-04-16 01:07:06',	'2021-04-16 01:07:06'),
(28,	2,	1,	'FG TESTING',	NULL,	'2021-04-16 01:08:19',	'2021-04-16 01:08:19'),
(29,	2,	1,	'FINAL FG DESPATCH',	NULL,	'2021-04-16 01:08:57',	'2021-04-16 01:08:57'),
(30,	2,	1,	'PRESHIPMENT SAMPLES',	NULL,	'2021-04-16 01:09:22',	'2021-04-16 01:10:10'),
(31,	2,	1,	'THIRD PARTY ANALYSIS',	NULL,	'2021-04-16 01:15:27',	'2021-04-16 01:15:27'),
(32,	2,	1,	'BREAKDOWN',	NULL,	'2021-04-16 01:16:19',	'2021-04-16 01:16:19'),
(33,	2,	1,	'LABORATORY CHEMICAL / CONSUMABLES STOCK MAINTAINING / REORDERING',	NULL,	'2021-04-16 01:16:48',	'2021-04-16 01:16:48'),
(34,	2,	1,	'SAMPLES TO PARTIES',	NULL,	'2021-04-16 01:17:22',	'2021-04-16 01:17:22'),
(35,	2,	1,	'SAMPLES FROM PARTIES',	NULL,	'2021-04-16 01:17:56',	'2021-04-16 01:17:56'),
(36,	2,	1,	'REGULAR ANALYSIS',	NULL,	'2021-04-16 01:18:30',	'2021-04-16 01:18:30'),
(37,	2,	1,	'OPERATION & HANDLING OF EQUIPMENTS',	NULL,	'2021-04-16 01:19:00',	'2021-04-16 01:19:00'),
(38,	2,	1,	'PRESERVING & DISCARDING COUNTER SAMPLES',	NULL,	'2021-04-16 01:19:26',	'2021-04-16 01:19:26'),
(39,	2,	1,	'REPLACEMENT OF CYLINDERS',	NULL,	'2021-04-16 01:19:54',	'2021-04-16 01:19:54'),
(40,	2,	1,	'TAKE  RM /FG / OTHER MATERIAL FOR QC USE',	NULL,	'2021-04-16 01:20:18',	'2021-04-16 01:20:18'),
(41,	2,	1,	'Issue Material from LAB',	NULL,	'2021-04-16 01:21:24',	'2021-04-16 01:21:24'),
(42,	2,	1,	'GENERAL TESTING PROCEDURE',	NULL,	'2021-04-16 01:21:56',	'2021-04-16 01:21:56'),
(43,	2,	1,	'SAMPLE PREPERATION  FOR ANALYSIS',	NULL,	'2021-04-16 01:22:35',	'2021-04-16 01:22:35'),
(44,	2,	1,	'WASTE / EXPIRED / DAMAGE  MATERIAL MANAGEMENT',	NULL,	'2021-04-16 01:23:07',	'2021-04-16 01:23:07'),
(45,	2,	1,	'SAMPLE PREPERATION  FOR PRESHIPMENT / THIRD PARTY ANALYSIS / TO PARTY',	NULL,	'2021-04-16 01:23:36',	'2021-04-16 01:23:36'),
(46,	2,	1,	'JOB HANDOVER',	NULL,	'2021-04-16 01:24:09',	'2021-04-16 01:24:09'),
(47,	2,	1,	'GLASS CLEANING AND HANDLING',	NULL,	'2021-04-16 01:24:36',	'2021-04-16 01:24:36'),
(48,	2,	1,	'RESAMPLING  / RETESTING',	NULL,	'2021-04-16 01:25:05',	'2021-04-16 01:25:05'),
(49,	2,	1,	'CHEMICALS HANDLING / SAFETY',	NULL,	'2021-04-16 01:25:36',	'2021-04-16 01:25:36'),
(50,	2,	1,	'DATAENTRY & BACKUP',	NULL,	'2021-04-16 01:26:06',	'2021-04-16 01:26:06'),
(51,	2,	1,	'PREPARING QC LABELS',	NULL,	'2021-04-16 01:26:35',	'2021-04-16 01:26:35'),
(52,	2,	1,	'APRISIAL',	NULL,	'2021-04-16 01:27:13',	'2021-04-16 01:27:13'),
(53,	2,	1,	'SITE CLEARANCE FOR WORK',	NULL,	'2021-04-16 01:27:51',	'2021-04-16 01:27:51'),
(54,	2,	1,	'LEAVE APPLICATION',	NULL,	'2021-04-16 01:28:43',	'2021-04-16 01:28:43'),
(55,	2,	1,	'EMERGENCY TESTING WORK ASSIGNED BY MD / HIGHER AUTORITY',	NULL,	'2021-04-16 01:30:32',	'2021-04-16 01:30:32'),
(56,	2,	1,	'PREPERATION OF NEW PRODUCT IN LAB',	NULL,	'2021-04-16 01:31:07',	'2021-04-16 01:31:07'),
(57,	2,	1,	'SPECIFICATION SHEETS',	NULL,	'2021-04-16 01:31:50',	'2021-04-16 01:31:50'),
(58,	3,	1,	'Material Inwards - Inventory Items',	NULL,	'2021-04-16 10:20:06',	'2021-04-16 10:20:06'),
(59,	3,	1,	'Material Inwards - Non-Inventory Items',	NULL,	'2021-04-16 10:20:59',	'2021-04-16 10:20:59'),
(60,	3,	1,	'Stacking',	NULL,	'2021-04-16 10:21:56',	'2021-04-16 10:21:56'),
(61,	3,	1,	'Material Out',	NULL,	'2021-04-16 10:23:28',	'2021-04-16 10:23:28'),
(62,	3,	1,	'External Repair',	NULL,	'2021-04-16 10:26:17',	'2021-04-16 10:26:17'),
(63,	4,	1,	'Preventive Maintenance',	NULL,	'2021-04-16 10:30:36',	'2021-04-16 10:30:36'),
(64,	5,	1,	'Hiring Process',	NULL,	'2021-04-16 10:34:54',	'2021-04-16 10:34:54'),
(65,	5,	1,	'Attendance',	NULL,	'2021-04-16 10:36:21',	'2021-04-16 10:36:21'),
(66,	5,	1,	'Liaisoning',	NULL,	'2021-04-16 10:36:21',	'2021-04-16 10:39:18'),
(67,	5,	1,	'Insurance',	NULL,	'2021-04-16 10:38:38',	'2021-04-16 10:39:31'),
(68,	5,	1,	'Access System (Cards)',	NULL,	'2021-04-16 12:02:15',	'2021-04-16 12:02:15'),
(69,	5,	1,	'HR & Admin Routines',	NULL,	'2021-04-16 12:03:56',	'2021-04-16 12:03:56'),
(70,	5,	1,	'Certifications',	NULL,	'2021-04-16 12:10:11',	'2021-04-16 12:10:11'),
(71,	5,	1,	'Exit Process',	NULL,	'2021-04-16 12:11:12',	'2021-04-16 12:11:12'),
(72,	5,	1,	'Employee On-Boarding',	NULL,	'2021-04-16 12:13:24',	'2021-04-16 12:13:24'),
(73,	6,	1,	'Bill Booking',	NULL,	'2021-04-16 12:19:42',	'2021-04-16 12:19:42'),
(74,	6,	1,	'Receipts',	NULL,	'2021-04-16 12:24:17',	'2021-04-16 12:24:17'),
(75,	6,	1,	'Payment',	NULL,	'2021-04-16 12:25:35',	'2021-04-16 12:25:35'),
(76,	6,	1,	'Payroll',	NULL,	'2021-04-16 12:27:35',	'2021-04-16 12:27:35'),
(77,	6,	1,	'Opening LC (Letter of Credit)',	NULL,	'2021-04-16 12:29:26',	'2021-04-16 12:29:26'),
(78,	6,	1,	'Credit Note',	NULL,	'2021-04-16 12:53:59',	'2021-04-16 12:53:59'),
(79,	6,	1,	'Debit Note',	NULL,	'2021-04-16 12:54:34',	'2021-04-16 12:54:34'),
(80,	6,	1,	'Finalisation of Accounts',	NULL,	'2021-04-16 12:55:55',	'2021-04-16 12:55:55'),
(81,	6,	1,	'GST Return',	NULL,	'2021-04-16 12:56:41',	'2021-04-16 12:56:41'),
(82,	6,	1,	'TDS Return',	NULL,	'2021-04-16 12:58:04',	'2021-04-16 12:58:04'),
(83,	6,	1,	'Income Tax Return',	NULL,	'2021-04-16 12:59:19',	'2021-04-16 12:59:19'),
(84,	6,	1,	'ROC Returns',	NULL,	'2021-04-16 13:03:46',	'2021-04-16 13:03:46'),
(85,	6,	1,	'Material Dispatch',	NULL,	'2021-04-16 13:04:28',	'2021-04-16 13:04:28'),
(86,	6,	1,	'Material Dispatch',	NULL,	'2021-04-16 13:05:34',	'2021-04-16 13:05:34'),
(87,	6,	1,	'Petty Cash',	NULL,	'2021-04-16 13:06:18',	'2021-04-16 13:06:18'),
(88,	6,	1,	'Master Creation in Tally',	NULL,	'2021-04-16 13:07:31',	'2021-04-16 13:07:31'),
(89,	6,	1,	'Lodgement of Shipping Documents',	NULL,	'2021-04-16 13:09:09',	'2021-04-16 13:09:09'),
(90,	6,	1,	'Approving Check-lists',	NULL,	'2021-04-16 13:16:20',	'2021-04-16 13:16:20'),
(91,	6,	1,	'Profession Tax Return',	NULL,	'2021-04-16 13:17:07',	'2021-04-16 13:17:07'),
(92,	2,	5,	'Glass Polishing Powder',	NULL,	'2021-04-16 13:19:03',	'2021-04-16 13:19:03'),
(93,	2,	6,	'Glass Polishing Powder',	NULL,	'2021-04-16 13:26:23',	'2021-04-16 13:26:23'),
(94,	2,	6,	'Cerium Salts',	NULL,	'2021-04-16 13:27:21',	'2021-04-16 13:27:21'),
(95,	2,	5,	'Lanthanum Salts',	NULL,	'2021-04-16 13:28:22',	'2021-04-16 13:28:22'),
(96,	2,	6,	'Cerium Salts',	NULL,	'2021-04-16 13:29:55',	'2021-04-16 13:29:55'),
(97,	2,	6,	'Lanthanum Salts',	NULL,	'2021-04-16 13:31:05',	'2021-04-16 13:31:05'),
(98,	7,	2,	'Manufacturing of FG',	NULL,	'2021-04-16 13:32:43',	'2021-04-16 13:32:43'),
(99,	2,	3,	'TESTING PROCEDURES',	NULL,	'2021-04-16 13:36:50',	'2021-04-16 13:36:50'),
(100,	4,	4,	'Machinery',	NULL,	'2021-04-16 13:38:56',	'2021-04-16 13:38:56'),
(101,	8,	1,	'Purchase',	NULL,	'2021-04-16 23:02:07',	'2021-04-16 23:02:07'),
(102,	8,	1,	'Raw Material',	NULL,	'2021-04-16 23:03:09',	'2021-04-16 23:03:09'),
(103,	8,	1,	'HOD Leave',	NULL,	'2021-04-16 23:04:10',	'2021-04-16 23:04:10'),
(104,	2,	1,	'INWARD PRESHIPMENT SAMPLE TESTING',	NULL,	'2021-04-16 23:10:28',	'2021-04-16 23:10:28'),
(105,	7,	1,	'Manufacturing of SFG',	NULL,	'2021-04-16 23:13:42',	'2021-04-17 00:20:20'),
(106,	7,	1,	'Calibration of Instruments',	NULL,	'2021-04-16 23:15:09',	'2021-04-16 23:15:09'),
(107,	7,	1,	'Inventory of Consumables / RM',	NULL,	'2021-04-16 23:16:46',	'2021-04-16 23:16:46'),
(108,	7,	1,	'Maintaining of Equipment / Auxiliary equipment',	NULL,	'2021-04-16 23:18:19',	'2021-04-16 23:19:08'),
(109,	7,	1,	'Entry & Exit Procedure',	NULL,	'2021-04-16 23:20:32',	'2021-04-16 23:20:32'),
(110,	7,	1,	'Drain, Cleaning & Sanitization',	NULL,	'2021-04-16 23:24:28',	'2021-04-16 23:24:28'),
(111,	7,	1,	'Product Change-over',	NULL,	'2021-04-16 23:24:57',	'2021-04-16 23:24:57'),
(112,	7,	1,	'Preventive measures to be taken during power failure/DG operation',	NULL,	'2021-04-16 23:25:24',	'2021-04-16 23:25:24'),
(113,	7,	1,	'Control of Contamination',	NULL,	'2021-04-16 23:25:53',	'2021-04-16 23:25:53'),
(114,	7,	1,	'Shift Hand Over',	NULL,	'2021-04-16 23:26:09',	'2021-04-16 23:26:09'),
(115,	7,	1,	'Shift Change',	NULL,	'2021-04-16 23:26:24',	'2021-04-16 23:26:24'),
(116,	7,	1,	'Shift Allotment',	NULL,	'2021-04-16 23:26:42',	'2021-04-16 23:26:42'),
(117,	7,	1,	'Repacking of Material',	NULL,	'2021-04-16 23:26:57',	'2021-04-16 23:26:57'),
(118,	7,	1,	'Handling of FG & RM',	NULL,	'2021-04-16 23:27:21',	'2021-04-16 23:27:21'),
(119,	7,	1,	'Closing of BMR',	NULL,	'2021-04-16 23:27:36',	'2021-04-16 23:27:36'),
(120,	7,	1,	'Leave Sanction / HR Related issues',	NULL,	'2021-04-16 23:27:53',	'2021-04-16 23:27:53'),
(121,	7,	1,	'Scheduled meetings of Production Team',	NULL,	'2021-04-16 23:28:07',	'2021-04-16 23:28:07'),
(122,	7,	1,	'Disciplinary Actions',	NULL,	'2021-04-16 23:28:22',	'2021-04-16 23:28:22'),
(123,	7,	1,	'Break Timing',	NULL,	'2021-04-16 23:28:39',	'2021-04-16 23:28:39'),
(124,	7,	1,	'Requisition of RM & Consumables',	NULL,	'2021-04-16 23:28:52',	'2021-04-16 23:28:52'),
(125,	7,	1,	'Employee Gate Pass',	NULL,	'2021-04-16 23:29:06',	'2021-04-16 23:29:06'),
(126,	7,	1,	'Expansion & Re-Development',	NULL,	'2021-04-16 23:29:19',	'2021-04-16 23:29:19'),
(127,	7,	1,	'Fire Emergency',	NULL,	'2021-04-16 23:29:36',	'2021-04-16 23:29:36'),
(128,	9,	1,	'Sales & Marketing Management',	NULL,	'2021-04-16 23:42:02',	'2021-04-16 23:42:02'),
(129,	9,	1,	'Customer / Prospect Logging',	NULL,	'2021-04-16 23:45:31',	'2021-04-16 23:45:31'),
(130,	9,	1,	'Customer History',	NULL,	'2021-04-16 23:47:47',	'2021-04-16 23:50:01'),
(131,	9,	1,	'Order Posting on Tally',	NULL,	'2021-04-16 23:49:15',	'2021-04-16 23:50:05'),
(132,	9,	1,	'Sharing Logistics Details for Customers',	NULL,	'2021-04-17 00:07:18',	'2021-04-17 00:07:18'),
(133,	1,	1,	'Client-wise specification sheets',	NULL,	'2021-04-17 00:08:25',	'2021-04-17 00:08:25'),
(134,	9,	1,	'RCMPA Specification Sheets',	NULL,	'2021-04-17 00:09:17',	'2021-04-17 00:09:17'),
(135,	9,	6,	'Glass Polishing Powder',	NULL,	'2021-04-17 04:56:30',	'2021-04-17 04:56:30');

DROP TABLE IF EXISTS `migrations`;
CREATE TABLE `migrations` (
  `id` int(10) unsigned NOT NULL AUTO_INCREMENT,
  `migration` varchar(255) COLLATE utf8mb4_unicode_ci NOT NULL,
  `batch` int(11) NOT NULL,
  PRIMARY KEY (`id`)
) ENGINE=InnoDB DEFAULT CHARSET=utf8mb4 COLLATE=utf8mb4_unicode_ci;

INSERT INTO `migrations` (`id`, `migration`, `batch`) VALUES
(1,	'2014_10_12_000000_create_users_table',	1),
(2,	'2014_10_12_100000_create_password_resets_table',	1),
(3,	'2019_08_19_000000_create_failed_jobs_table',	1),
(4,	'2021_03_30_051457_create_role_table',	1),
(5,	'2021_03_30_051703_create_location_table',	1),
(6,	'2021_03_30_051819_create_department_table',	1),
(7,	'2021_03_30_051955_create_forms_table',	1),
(8,	'2021_03_30_052116_create_main_document_title_table',	1),
(9,	'2021_03_30_052246_create_sub_document_title_table',	1),
(10,	'2021_03_30_052414_create_units_table',	1),
(11,	'2021_03_30_052630_create_user_document_permissions_table',	1),
(12,	'2021_03_30_055719_create_documents_table',	1);

DROP TABLE IF EXISTS `password_resets`;
CREATE TABLE `password_resets` (
  `email` varchar(255) COLLATE utf8mb4_unicode_ci NOT NULL,
  `token` varchar(255) COLLATE utf8mb4_unicode_ci NOT NULL,
  `created_at` timestamp NULL DEFAULT NULL,
  KEY `password_resets_email_index` (`email`(191))
) ENGINE=InnoDB DEFAULT CHARSET=utf8mb4 COLLATE=utf8mb4_unicode_ci;


DROP TABLE IF EXISTS `role`;
CREATE TABLE `role` (
  `id` bigint(20) unsigned NOT NULL AUTO_INCREMENT,
  `role_name` varchar(255) COLLATE utf8mb4_unicode_ci NOT NULL,
  `deleted_at` timestamp NULL DEFAULT NULL,
  `created_at` timestamp NULL DEFAULT NULL,
  `updated_at` timestamp NULL DEFAULT NULL,
  PRIMARY KEY (`id`)
) ENGINE=InnoDB DEFAULT CHARSET=utf8mb4 COLLATE=utf8mb4_unicode_ci;

INSERT INTO `role` (`id`, `role_name`, `deleted_at`, `created_at`, `updated_at`) VALUES
(1,	'HOD Logistics',	NULL,	'2021-04-16 00:28:23',	'2021-04-16 00:28:23'),
(2,	'HOD',	NULL,	'2021-04-16 00:29:45',	'2021-04-16 01:57:54'),
(3,	'ASSISTANT',	NULL,	'2021-04-16 01:50:45',	'2021-04-16 01:55:21'),
(4,	'EXECUTIVE',	NULL,	'2021-04-16 01:51:10',	'2021-04-16 01:57:27'),
(5,	'JR. OPERATOR',	NULL,	'2021-04-16 01:51:24',	'2021-04-16 01:58:12');

DROP TABLE IF EXISTS `sub_document_title`;
CREATE TABLE `sub_document_title` (
  `id` bigint(20) unsigned NOT NULL AUTO_INCREMENT,
  `department_id` int(11) NOT NULL,
  `form_id` int(11) DEFAULT NULL,
  `main_document_id` int(11) NOT NULL,
  `sub_document_title` varchar(255) COLLATE utf8mb4_unicode_ci NOT NULL,
  `deleted_at` timestamp NULL DEFAULT NULL,
  `created_at` timestamp NULL DEFAULT NULL,
  `updated_at` timestamp NULL DEFAULT NULL,
  PRIMARY KEY (`id`)
) ENGINE=InnoDB DEFAULT CHARSET=utf8mb4 COLLATE=utf8mb4_unicode_ci;

INSERT INTO `sub_document_title` (`id`, `department_id`, `form_id`, `main_document_id`, `sub_document_title`, `deleted_at`, `created_at`, `updated_at`) VALUES
(1,	1,	1,	1,	'Process for Shipping Hazardous Cargo 1.5 Packaging Group II',	NULL,	'2021-04-16 00:33:22',	'2021-04-16 00:33:22'),
(2,	1,	1,	1,	'Process for Exporting of Non Hazardous Cargo',	NULL,	'2021-04-16 00:33:55',	'2021-04-16 00:33:55'),
(3,	1,	1,	2,	'Where the Product name needs to be changed & Solid / *Liquid Cargo',	NULL,	'2021-04-16 00:35:14',	'2021-04-16 00:35:14'),
(4,	1,	1,	2,	'Product name not changed',	NULL,	'2021-04-16 00:35:31',	'2021-04-16 00:35:31'),
(5,	1,	1,	3,	'Through Maharashtra Chambers of Commerce (MCC)',	NULL,	'2021-04-16 00:36:09',	'2021-04-16 00:36:09'),
(6,	1,	1,	3,	'CEPA (Only For South Korea)',	NULL,	'2021-04-16 00:36:39',	'2021-04-16 00:36:39'),
(7,	1,	1,	3,	'AIFTA',	NULL,	'2021-04-16 00:36:55',	'2021-04-16 00:36:55'),
(8,	1,	1,	4,	'Export',	NULL,	'2021-04-16 00:37:32',	'2021-04-16 00:37:32'),
(9,	1,	1,	4,	'Import',	NULL,	'2021-04-16 00:37:49',	'2021-04-16 00:37:49'),
(10,	1,	1,	4,	'Domestic',	NULL,	'2021-04-16 00:38:14',	'2021-04-16 00:38:14'),
(11,	1,	1,	4,	'Toll Manufacturing / Job Work',	NULL,	'2021-04-16 00:38:26',	'2021-04-16 00:38:26'),
(12,	1,	1,	5,	'International Courier',	NULL,	'2021-04-16 00:39:07',	'2021-04-16 00:39:07'),
(13,	1,	1,	5,	'Domestic Courier',	NULL,	'2021-04-16 00:39:23',	'2021-04-16 00:39:23'),
(14,	1,	1,	6,	'(SEA / AIR) - CIF / FOB - Open Credit / Advance',	NULL,	'2021-04-16 00:40:05',	'2021-04-16 00:40:05'),
(15,	1,	1,	6,	'(SEA / AIR) - Letter of Credit',	NULL,	'2021-04-16 00:40:25',	'2021-04-16 00:40:25'),
(16,	1,	1,	6,	'Bonded Warehouse Procedure',	NULL,	'2021-04-16 00:40:41',	'2021-04-16 00:40:41'),
(17,	1,	1,	7,	'Hand Delivery',	NULL,	'2021-04-16 00:41:17',	'2021-04-16 00:41:17'),
(18,	1,	1,	7,	'Door Delivery - Transport',	NULL,	'2021-04-16 00:41:33',	'2021-04-16 00:41:33'),
(19,	1,	1,	8,	'Factory to Warehouse',	NULL,	'2021-04-16 00:42:09',	'2021-04-16 00:42:09'),
(20,	1,	1,	8,	'Warehouse to Factory',	NULL,	'2021-04-16 00:42:26',	'2021-04-16 00:42:26'),
(21,	1,	1,	9,	'Dispatch for Toll Manufacturing',	NULL,	'2021-04-16 00:43:02',	'2021-04-16 00:43:02'),
(22,	1,	1,	9,	'FG / RM receipt from Toll Manufacturer',	NULL,	'2021-04-16 00:43:28',	'2021-04-16 00:43:28'),
(23,	1,	1,	10,	'Long distance - IREL',	NULL,	'2021-04-16 00:44:11',	'2021-04-16 00:44:11'),
(24,	1,	1,	10,	'Material Received through Transport',	NULL,	'2021-04-16 00:44:30',	'2021-04-16 00:44:30'),
(25,	1,	1,	11,	'IIP (Indian Institute of Packaging)',	NULL,	'2021-04-16 00:45:13',	'2021-04-16 00:45:13'),
(26,	1,	1,	11,	'LUT (Letter of Undertaking)',	NULL,	'2021-04-16 00:45:37',	'2021-04-16 00:45:37'),
(27,	1,	1,	12,	'Export - Compulsory for ALL shipments',	NULL,	'2021-04-16 00:46:22',	'2021-04-16 00:46:22'),
(28,	1,	1,	12,	'Domestic - Only where requested by Sales (PP) / All Chemical Shipments',	NULL,	'2021-04-16 00:46:40',	'2021-04-16 00:46:40'),
(29,	1,	1,	13,	'Invoice / PL / VGM (Verified Gross Mass) / Non-Haz / Labels & EVD ( Export Value Declaration)',	NULL,	'2021-04-16 00:47:40',	'2021-04-16 00:47:40'),
(30,	1,	1,	14,	'Authorisation of CHA',	NULL,	'2021-04-16 00:48:17',	'2021-04-16 00:48:17'),
(31,	1,	1,	14,	'Authorisation of Courier Services',	NULL,	'2021-04-16 00:48:37',	'2021-04-16 00:48:37'),
(32,	1,	1,	14,	'Authorisation of Loading / Moving Equipment Vendors (Forklift / hydraulic)',	NULL,	'2021-04-16 00:48:52',	'2021-04-16 00:48:52'),
(33,	1,	1,	14,	'Non-approved Vendor Authorisation',	NULL,	'2021-04-16 00:49:15',	'2021-04-16 00:49:15'),
(34,	1,	1,	15,	'Standard Method',	NULL,	'2021-04-16 00:50:01',	'2021-04-16 00:50:01'),
(35,	1,	1,	15,	'Special Requirement - ANAPRO (ANP)',	NULL,	'2021-04-16 00:50:17',	'2021-04-16 00:50:17'),
(36,	1,	1,	16,	'Domestic Label Printing',	NULL,	'2021-04-16 00:52:20',	'2021-04-16 00:52:20'),
(37,	1,	1,	16,	'Export Cargo Label Printing',	NULL,	'2021-04-16 00:52:42',	'2021-04-16 00:52:42'),
(38,	1,	1,	16,	'UN Packaging - UN Number printing',	NULL,	'2021-04-16 00:53:01',	'2021-04-16 00:53:01'),
(39,	1,	1,	17,	'Managing Director\'s Instructions ONLY',	NULL,	'2021-04-16 00:54:41',	'2021-04-16 00:54:41'),
(40,	1,	1,	18,	'For All Stores related Items, accessories, materials etc.',	NULL,	'2021-04-16 00:55:18',	'2021-04-16 00:55:18'),
(41,	1,	1,	19,	'Register for Dispatch by Courier',	NULL,	'2021-04-16 00:56:01',	'2021-04-16 00:56:01'),
(42,	1,	1,	20,	'Daily Tracking of Couriers Send',	NULL,	'2021-04-16 00:56:39',	'2021-04-16 00:56:39'),
(43,	1,	1,	20,	'Cargo Dispatch by Sea / Air',	NULL,	'2021-04-16 00:56:56',	'2021-04-16 00:56:56'),
(44,	1,	1,	20,	'Incoming Couriers',	NULL,	'2021-04-16 00:57:21',	'2021-04-16 00:57:21'),
(45,	1,	1,	20,	'Incoming Cargo by  Sea / Air',	NULL,	'2021-04-16 00:57:39',	'2021-04-16 00:57:39'),
(46,	1,	1,	21,	'Cargo In-wards (Home Consumption)',	NULL,	'2021-04-16 00:58:38',	'2021-04-16 00:58:38'),
(47,	1,	1,	21,	'Cargo Outwards (Home Consumption)',	NULL,	'2021-04-16 00:58:54',	'2021-04-16 00:58:54'),
(48,	1,	1,	21,	'Cargo Outwards (Re-Export)',	NULL,	'2021-04-16 00:59:10',	'2021-04-16 00:59:10'),
(49,	1,	1,	22,	'List of ALL FGs for which MSDS is available',	NULL,	'2021-04-16 00:59:44',	'2021-04-16 00:59:44'),
(50,	2,	1,	23,	'all liquid /solid  imported /local Raw material with SYSTEM GERERATED  PO',	NULL,	'2021-04-16 01:03:11',	'2021-04-16 01:03:11'),
(51,	2,	1,	23,	'all liquid /solid  imported /local Raw material with MANUAL  PO',	NULL,	'2021-04-16 01:03:28',	'2021-04-16 01:03:28'),
(52,	2,	1,	25,	'all liquid /solid  imported /local Raw material',	NULL,	'2021-04-16 01:04:32',	'2021-04-16 01:04:32'),
(53,	2,	1,	26,	'INPROCESS TESTING',	NULL,	'2021-04-16 01:06:45',	'2021-04-16 01:06:45'),
(54,	2,	1,	27,	'Preparation of standards',	NULL,	'2021-04-16 01:07:26',	'2021-04-16 01:07:26'),
(55,	2,	1,	27,	'calibration of instruments',	NULL,	'2021-04-16 01:07:48',	'2021-04-16 01:07:48'),
(56,	2,	1,	28,	'FG TESTING',	NULL,	'2021-04-16 01:08:33',	'2021-04-16 01:08:33'),
(57,	2,	1,	30,	'PRESHIPMENT SAMPLES',	NULL,	'2021-04-16 01:15:11',	'2021-04-16 01:15:11'),
(58,	2,	1,	31,	'THIRD PARTY ANALYSIS',	NULL,	'2021-04-16 01:15:43',	'2021-04-16 01:15:43'),
(59,	2,	1,	32,	'BREAKDOWN',	NULL,	'2021-04-16 01:16:32',	'2021-04-16 01:16:32'),
(60,	2,	1,	33,	'LABORATORY CHEMICAL / CONSUMABLES STOCK MAINTAINING / REORDERING',	NULL,	'2021-04-16 01:17:07',	'2021-04-16 01:17:07'),
(61,	2,	1,	34,	'SAMPLES TO PARTIES',	NULL,	'2021-04-16 01:17:37',	'2021-04-16 01:17:37'),
(62,	2,	1,	35,	'SAMPLES FROM PARTIES',	NULL,	'2021-04-16 01:18:11',	'2021-04-16 01:18:11'),
(63,	2,	1,	36,	'REGULAR ANALYSIS',	NULL,	'2021-04-16 01:18:43',	'2021-04-16 01:18:43'),
(64,	2,	1,	37,	'OPERATION & HANDLING OF EQUIPMENTS',	NULL,	'2021-04-16 01:19:10',	'2021-04-16 01:19:10'),
(65,	2,	1,	38,	'PRESERVING & DISCARDING COUNTER SAMPLES',	NULL,	'2021-04-16 01:19:37',	'2021-04-16 01:19:37'),
(66,	2,	1,	40,	'TAKE  RM /FG / OTHER MATERIAL FOR QC USE',	NULL,	'2021-04-16 01:21:07',	'2021-04-16 01:21:07'),
(67,	2,	1,	41,	'Issue Material from LAB',	NULL,	'2021-04-16 01:21:35',	'2021-04-16 01:21:35'),
(68,	2,	1,	42,	'GENERAL TESTING PROCEDURE',	NULL,	'2021-04-16 01:22:18',	'2021-04-16 01:22:18'),
(69,	2,	1,	43,	'SAMPLE PREPERATION  FOR ANALYSIS',	NULL,	'2021-04-16 01:22:50',	'2021-04-16 01:22:50'),
(70,	2,	1,	44,	'WASTE / EXPIRED / DAMAGE  MATERIAL MANAGEMENT',	NULL,	'2021-04-16 01:23:19',	'2021-04-16 01:23:19'),
(71,	2,	1,	45,	'SAMPLE PREPERATION  FOR PRESHIPMENT / THIRD PARTY ANALYSIS / TO PARTY',	NULL,	'2021-04-16 01:23:48',	'2021-04-16 01:23:48'),
(72,	2,	1,	46,	'JOB HANDOVER',	NULL,	'2021-04-16 01:24:21',	'2021-04-16 01:24:21'),
(73,	2,	1,	47,	'GLASS CLEANING AND HANDLING',	NULL,	'2021-04-16 01:24:47',	'2021-04-16 01:24:47'),
(74,	2,	1,	48,	'RESAMPLING  / RETESTING',	NULL,	'2021-04-16 01:25:18',	'2021-04-16 01:25:18'),
(75,	2,	1,	49,	'CHEMICALS HANDLING / SAFETY',	NULL,	'2021-04-16 01:25:50',	'2021-04-16 01:25:50'),
(76,	2,	1,	50,	'DATAENTRY & BACKUP',	NULL,	'2021-04-16 01:26:21',	'2021-04-16 01:26:21'),
(77,	2,	1,	51,	'PREPARING QC LABELS',	NULL,	'2021-04-16 01:26:49',	'2021-04-16 01:26:49'),
(78,	2,	1,	52,	'APRISIAL',	NULL,	'2021-04-16 01:27:34',	'2021-04-16 01:27:34'),
(79,	2,	1,	53,	'FOR MAINTAINANCE DEPARTMENT',	NULL,	'2021-04-16 01:28:09',	'2021-04-16 01:28:09'),
(80,	2,	1,	53,	'FOR ANY OTHER MODIFICATION WORK',	NULL,	'2021-04-16 01:28:28',	'2021-04-16 01:28:28'),
(81,	2,	1,	54,	'LEAVE MORE THAN 2 DAYS',	NULL,	'2021-04-16 01:29:03',	'2021-04-16 01:29:03'),
(82,	2,	1,	54,	'short leave',	NULL,	'2021-04-16 01:29:25',	'2021-04-16 01:29:25'),
(83,	2,	1,	55,	'EMERGENCY TESTING WORK ASSIGNED BY MD / HIGHER AUTORITY',	NULL,	'2021-04-16 01:30:45',	'2021-04-16 01:30:45'),
(84,	2,	1,	56,	'PREPERATION OF NEW PRODUCT IN LAB',	NULL,	'2021-04-16 01:31:26',	'2021-04-16 01:31:26'),
(85,	2,	1,	57,	'Spec Sheets FG & SFG',	NULL,	'2021-04-16 01:32:10',	'2021-04-16 01:32:10'),
(86,	2,	1,	57,	'Spec Sheets RM',	NULL,	'2021-04-16 01:32:31',	'2021-04-16 01:32:31'),
(87,	3,	1,	58,	'Material not requiring Weigh-bridge',	NULL,	'2021-04-16 10:20:44',	'2021-04-16 10:20:44'),
(88,	3,	1,	59,	'Emergency Purchase',	NULL,	'2021-04-16 10:21:20',	'2021-04-16 10:21:20'),
(89,	3,	1,	59,	'Manual P.O.',	NULL,	'2021-04-16 10:21:38',	'2021-04-16 10:21:38'),
(90,	3,	1,	60,	'Liquids',	NULL,	'2021-04-16 10:22:12',	'2021-04-16 10:22:12'),
(91,	3,	1,	60,	'Emergency Purchase / Non-Inventory Items',	NULL,	'2021-04-16 10:22:27',	'2021-04-16 10:22:27'),
(92,	3,	1,	60,	'Jumbo Bags',	NULL,	'2021-04-16 10:22:42',	'2021-04-16 10:22:42'),
(93,	3,	1,	60,	'Standard Packaging Items',	NULL,	'2021-04-16 10:22:56',	'2021-04-16 10:22:56'),
(94,	3,	1,	60,	'Finished Goods',	NULL,	'2021-04-16 10:23:14',	'2021-04-16 10:23:14'),
(95,	3,	1,	61,	'Finished Goods Dispatch to Customer',	NULL,	'2021-04-16 10:23:43',	'2021-04-16 10:23:43'),
(96,	3,	1,	61,	'Issue of Material',	NULL,	'2021-04-16 10:24:00',	'2021-04-16 10:24:00'),
(97,	3,	1,	61,	'Issue of Material - Non-inventory items',	NULL,	'2021-04-16 10:24:15',	'2021-04-16 10:24:15'),
(98,	3,	1,	61,	'Transfer to other locations',	NULL,	'2021-04-16 10:24:29',	'2021-04-16 10:24:29'),
(99,	3,	1,	61,	'Rejected Material - Inventory Item',	NULL,	'2021-04-16 10:24:44',	'2021-04-16 10:24:44'),
(100,	3,	1,	61,	'Rejected Material - Non Inventory Item',	NULL,	'2021-04-16 10:24:57',	'2021-04-16 10:24:57'),
(101,	3,	1,	62,	'Out for repairing',	NULL,	'2021-04-16 10:26:35',	'2021-04-16 10:26:35'),
(102,	3,	1,	62,	'In after repairing',	NULL,	'2021-04-16 10:26:50',	'2021-04-16 10:26:50'),
(103,	4,	1,	63,	'In-house',	NULL,	'2021-04-16 10:30:50',	'2021-04-16 10:30:50'),
(104,	4,	1,	63,	'Service Contract / Under Warranty',	NULL,	'2021-04-16 10:31:03',	'2021-04-16 10:31:03'),
(105,	4,	1,	63,	'External Repair',	NULL,	'2021-04-16 10:33:17',	'2021-04-16 10:33:17'),
(106,	5,	1,	64,	'Hiring HOD\'s & Managers',	NULL,	'2021-04-16 10:35:12',	'2021-04-16 10:35:12'),
(107,	5,	1,	64,	'Junior Operates, Trainees, Assistants & Office staff',	NULL,	'2021-04-16 10:35:25',	'2021-04-16 10:35:25'),
(108,	5,	1,	64,	'Workers, Cleaning Staff, Office boys',	NULL,	'2021-04-16 10:35:37',	'2021-04-16 10:35:37'),
(109,	5,	1,	64,	'Drivers',	NULL,	'2021-04-16 10:35:52',	'2021-04-16 10:35:52'),
(110,	5,	1,	64,	'Security',	NULL,	'2021-04-16 10:36:04',	'2021-04-16 10:36:04'),
(111,	5,	1,	65,	'Staff, Workers, Office Boys & Cleaning Staff',	NULL,	'2021-04-16 10:36:40',	'2021-04-16 10:36:40'),
(112,	5,	1,	65,	'Drivers & Sweeper',	NULL,	'2021-04-16 10:37:06',	'2021-04-16 10:37:06'),
(113,	5,	1,	65,	'Security',	NULL,	'2021-04-16 10:37:21',	'2021-04-16 10:37:21'),
(114,	5,	1,	66,	'MPCB Consent',	NULL,	'2021-04-16 10:40:29',	'2021-04-16 10:40:29'),
(115,	5,	1,	66,	'Factory License',	NULL,	'2021-04-16 10:40:49',	'2021-04-16 10:40:49'),
(116,	5,	1,	66,	'MIDC Land Acquisition',	NULL,	'2021-04-16 10:43:03',	'2021-04-16 10:43:03'),
(117,	5,	1,	66,	'Warehouse / Facilities Acquisition',	NULL,	'2021-04-16 10:43:18',	'2021-04-16 10:43:18'),
(118,	5,	1,	67,	'Factory / Premises',	NULL,	'2021-04-16 12:01:22',	'2021-04-16 12:01:22'),
(119,	5,	1,	67,	'Vehicles',	NULL,	'2021-04-16 12:01:59',	'2021-04-16 12:01:59'),
(120,	5,	1,	67,	'Vehicles',	NULL,	'2021-04-16 12:01:59',	'2021-04-16 12:01:59'),
(121,	5,	1,	68,	'Installation & Maintenance',	NULL,	'2021-04-16 12:03:06',	'2021-04-16 12:03:06'),
(122,	5,	1,	68,	'Card Programming',	NULL,	'2021-04-16 12:03:23',	'2021-04-16 12:03:23'),
(123,	5,	1,	68,	'Door Access Approval',	NULL,	'2021-04-16 12:03:40',	'2021-04-16 12:03:40'),
(124,	5,	1,	69,	'Stationery & Cleaning Material',	NULL,	'2021-04-16 12:04:17',	'2021-04-16 12:04:17'),
(125,	5,	1,	69,	'Vehicle Fuel',	NULL,	'2021-04-16 12:04:38',	'2021-04-16 12:04:38'),
(126,	5,	1,	69,	'House Keeping',	NULL,	'2021-04-16 12:04:53',	'2021-04-16 12:04:53'),
(127,	5,	1,	69,	'Tea & Lunch',	NULL,	'2021-04-16 12:05:07',	'2021-04-16 12:05:07'),
(128,	5,	1,	69,	'Mobiles, Laptops & Pen Drives',	NULL,	'2021-04-16 12:05:20',	'2021-04-16 12:05:20'),
(129,	5,	1,	69,	'Travelling & Ticket Bookings',	NULL,	'2021-04-16 12:05:36',	'2021-04-16 12:05:36'),
(130,	5,	1,	69,	'Vending Machines',	NULL,	'2021-04-16 12:05:57',	'2021-04-16 12:05:57'),
(131,	5,	1,	69,	'RO Machines & Water Cooler',	NULL,	'2021-04-16 12:06:13',	'2021-04-16 12:06:13'),
(132,	5,	1,	69,	'Desktops, Laptops, Printers & A/C Maintenance',	NULL,	'2021-04-16 12:06:35',	'2021-04-16 12:06:35'),
(133,	5,	1,	69,	'Medicines',	NULL,	'2021-04-16 12:06:50',	'2021-04-16 12:06:50'),
(134,	5,	1,	69,	'Circulars & Notices',	NULL,	'2021-04-16 12:07:04',	'2021-04-16 12:07:04'),
(135,	5,	1,	69,	'Staff Welfare',	NULL,	'2021-04-16 12:07:18',	'2021-04-16 12:07:18'),
(136,	5,	1,	69,	'Walkie Talky',	NULL,	'2021-04-16 12:08:15',	'2021-04-16 12:08:15'),
(137,	5,	1,	69,	'Temple',	NULL,	'2021-04-16 12:08:36',	'2021-04-16 12:08:36'),
(138,	5,	1,	69,	'Salary Account Opening',	NULL,	'2021-04-16 12:08:53',	'2021-04-16 12:08:53'),
(139,	5,	1,	69,	'Appraisals HOD & Staff',	NULL,	'2021-04-16 12:09:06',	'2021-04-16 12:09:06'),
(140,	5,	1,	70,	'ISO 1995 - 2015 Renewal',	NULL,	'2021-04-16 12:10:27',	'2021-04-16 12:10:27'),
(141,	5,	1,	70,	'Resignation / Termination HOD',	NULL,	'2021-04-16 12:10:47',	'2021-04-16 12:10:47'),
(142,	5,	1,	71,	'Resignation / Termination HOD',	NULL,	'2021-04-16 12:11:28',	'2021-04-16 12:11:28'),
(143,	5,	1,	71,	'Resignation / Termination Staff',	NULL,	'2021-04-16 12:11:43',	'2021-04-16 12:11:43'),
(144,	5,	1,	72,	'Non-Worker Category',	NULL,	'2021-04-16 12:13:40',	'2021-04-16 12:13:40'),
(145,	5,	1,	72,	'Worker Category',	NULL,	'2021-04-16 12:13:57',	'2021-04-16 12:13:57'),
(146,	6,	1,	73,	'Sales Bill Booking',	NULL,	'2021-04-16 12:20:00',	'2021-04-16 12:20:00'),
(147,	6,	1,	73,	'Expense Bill Booking if Purchase Order is there',	NULL,	'2021-04-16 12:20:15',	'2021-04-16 12:20:15'),
(148,	6,	1,	73,	'Expense Bill Booking if no Purchase Order is there (Emergency Purchase)',	NULL,	'2021-04-16 12:22:22',	'2021-04-16 12:22:22'),
(149,	6,	1,	74,	'International Inward Receipt in Bank',	NULL,	'2021-04-16 12:24:53',	'2021-04-16 12:24:53'),
(150,	6,	1,	74,	'Domestic Inward Receipt in Bank',	NULL,	'2021-04-16 12:25:06',	'2021-04-16 12:25:06'),
(151,	6,	1,	74,	'Domestic Inward Receipt in Cash',	NULL,	'2021-04-16 12:25:22',	'2021-04-16 12:25:22'),
(152,	6,	1,	75,	'International Outward Payment via Bank - LC / Open Credit / Advance.',	NULL,	'2021-04-16 12:26:24',	'2021-04-16 12:26:24'),
(153,	6,	1,	75,	'Domestic Outward Payment via Bank -   Advance.',	NULL,	'2021-04-16 12:26:45',	'2021-04-16 12:26:45'),
(154,	6,	1,	75,	'Domestic Outward Payment via Bank -   Statutory Payments',	NULL,	'2021-04-16 12:27:04',	'2021-04-16 12:27:04'),
(155,	6,	1,	75,	'Domestic Outward Payment via Cash -   Advance.',	NULL,	'2021-04-16 12:27:20',	'2021-04-16 12:27:20'),
(156,	6,	1,	76,	'Running Attendance',	NULL,	'2021-04-16 12:27:48',	'2021-04-16 12:27:48'),
(157,	6,	1,	76,	'Running Salaries',	NULL,	'2021-04-16 12:28:00',	'2021-04-16 12:28:00'),
(158,	6,	1,	76,	'Making Loan Deduction Entry from Salary',	NULL,	'2021-04-16 12:28:25',	'2021-04-16 12:28:25'),
(159,	6,	1,	77,	'Import Letter of Credit',	NULL,	'2021-04-16 12:53:27',	'2021-04-16 12:53:27'),
(160,	6,	1,	78,	'Credit Note',	NULL,	'2021-04-16 12:54:18',	'2021-04-16 12:54:18'),
(161,	6,	1,	79,	'Debit Note against Material Purchase',	NULL,	'2021-04-16 12:54:46',	'2021-04-16 12:54:46'),
(162,	6,	1,	79,	'Debit Note against Discrepancy  in Service.',	NULL,	'2021-04-16 12:55:01',	'2021-04-16 12:55:01'),
(163,	6,	1,	79,	'Debit Note against Discrepancy  in Rate',	NULL,	'2021-04-16 12:55:26',	'2021-04-16 12:55:26'),
(164,	6,	1,	79,	'Debit Note when Additional amount to be charged to Customer',	NULL,	'2021-04-16 12:55:42',	'2021-04-16 12:55:42'),
(165,	6,	1,	80,	'Finalisation of Accounts',	NULL,	'2021-04-16 12:56:17',	'2021-04-16 12:56:17'),
(166,	6,	1,	81,	'GST Working',	NULL,	'2021-04-16 12:57:11',	'2021-04-16 12:57:11'),
(167,	6,	1,	81,	'GST Payment',	NULL,	'2021-04-16 12:57:30',	'2021-04-16 12:57:30'),
(168,	6,	1,	81,	'GST Return',	NULL,	'2021-04-16 12:57:47',	'2021-04-16 12:57:47'),
(169,	6,	1,	82,	'TDS Working',	NULL,	'2021-04-16 12:58:20',	'2021-04-16 12:58:20'),
(170,	6,	1,	82,	'TDS Payment',	NULL,	'2021-04-16 12:58:35',	'2021-04-16 12:58:35'),
(171,	6,	1,	82,	'TDS Return',	NULL,	'2021-04-16 12:58:48',	'2021-04-16 12:58:48'),
(172,	6,	1,	83,	'Income Tax Working',	NULL,	'2021-04-16 13:02:49',	'2021-04-16 13:02:49'),
(173,	6,	1,	83,	'Income Tax Payment',	NULL,	'2021-04-16 13:03:19',	'2021-04-16 13:03:19'),
(174,	6,	1,	83,	'Income Tax Return (Company & Individuals)',	NULL,	'2021-04-16 13:03:32',	'2021-04-16 13:03:32'),
(175,	6,	1,	84,	'ROC Returns of the Company',	NULL,	'2021-04-16 13:03:58',	'2021-04-16 13:03:58'),
(176,	6,	1,	86,	'Sales Dispatch Gate Pass Signing',	NULL,	'2021-04-16 13:05:53',	'2021-04-16 13:05:53'),
(177,	6,	1,	86,	'Scrap Dispatch Gate Pass Signing',	NULL,	'2021-04-16 13:06:06',	'2021-04-16 13:06:06'),
(178,	6,	1,	87,	'Petty Cash Withdrawal',	NULL,	'2021-04-16 13:06:33',	'2021-04-16 13:06:33'),
(179,	6,	1,	87,	'Issue of IOU',	NULL,	'2021-04-16 13:06:51',	'2021-04-16 13:06:51'),
(180,	6,	1,	87,	'Issue of Payment Voucher',	NULL,	'2021-04-16 13:07:07',	'2021-04-16 13:07:07'),
(181,	6,	1,	87,	'Settlement of IOU against Payment Voucher',	NULL,	'2021-04-16 13:07:19',	'2021-04-16 13:07:19'),
(182,	6,	1,	88,	'Stock Item Creation in Tally',	NULL,	'2021-04-16 13:07:48',	'2021-04-16 13:07:48'),
(183,	6,	1,	88,	'Master Updation of Customer in Tally',	NULL,	'2021-04-16 13:08:06',	'2021-04-16 13:08:06'),
(184,	6,	1,	88,	'Supplier Ledger Creation in Tally',	NULL,	'2021-04-16 13:08:23',	'2021-04-16 13:08:23'),
(185,	6,	1,	88,	'Employee Creation in Tally',	NULL,	'2021-04-16 13:08:49',	'2021-04-16 13:08:49'),
(186,	6,	1,	89,	'Lodgement of Export Shipping Documents (Open Credit/ Advance)',	NULL,	'2021-04-16 13:12:48',	'2021-04-16 13:12:48'),
(187,	6,	1,	89,	'Lodgement of Export Shipping Documents (Letter of Credit)',	NULL,	'2021-04-16 13:13:04',	'2021-04-16 13:13:04'),
(188,	6,	1,	89,	'Lodgement of Import Shipping Documents (Open Credit/ Advance)',	NULL,	'2021-04-16 13:15:52',	'2021-04-16 13:15:52'),
(189,	6,	1,	90,	'Approving Import Check-List',	NULL,	'2021-04-16 13:16:33',	'2021-04-16 13:16:33'),
(190,	6,	1,	90,	'Approving Export Check-List',	NULL,	'2021-04-16 13:16:49',	'2021-04-16 13:16:49'),
(191,	6,	1,	91,	'PT Working',	NULL,	'2021-04-16 13:17:20',	'2021-04-16 13:17:20'),
(192,	6,	1,	91,	'PT Payment',	NULL,	'2021-04-16 13:17:30',	'2021-04-16 13:18:02'),
(193,	6,	1,	91,	'PT Return',	NULL,	'2021-04-16 13:17:46',	'2021-04-16 13:17:46'),
(194,	2,	5,	92,	'CEPOLLINE',	NULL,	'2021-04-16 13:20:36',	'2021-04-16 13:20:36'),
(195,	2,	5,	92,	'CEPOLL HGCUT',	NULL,	'2021-04-16 13:20:52',	'2021-04-16 13:20:52'),
(196,	2,	5,	92,	'CEPOLL 2P100',	NULL,	'2021-04-16 13:21:21',	'2021-04-16 13:21:21'),
(197,	2,	5,	92,	'CEPOLL 1P(O)',	NULL,	'2021-04-16 13:23:02',	'2021-04-16 13:23:02'),
(198,	2,	5,	92,	'CEPOLL 2W100',	NULL,	'2021-04-16 13:23:27',	'2021-04-16 13:23:27'),
(199,	2,	5,	92,	'CEPOLL 2P85',	NULL,	'2021-04-16 13:23:42',	'2021-04-16 13:23:42'),
(200,	2,	5,	92,	'CEPOLL GRADE A',	NULL,	'2021-04-16 13:25:32',	'2021-04-16 13:25:32'),
(201,	2,	5,	92,	'CEPOLL 2000',	NULL,	'2021-04-16 13:25:47',	'2021-04-16 13:25:47'),
(202,	2,	5,	92,	'CEPOLL SLURRY RAPID CUT',	NULL,	'2021-04-16 13:26:04',	'2021-04-16 13:26:04'),
(203,	2,	6,	93,	'CEPOLLINE',	NULL,	'2021-04-16 13:26:42',	'2021-04-16 13:26:42'),
(204,	2,	6,	93,	'CEPOLL HGCUT',	NULL,	'2021-04-16 13:27:00',	'2021-04-16 13:27:00'),
(205,	2,	5,	94,	'Cerium Ammonium Sulphate',	NULL,	'2021-04-16 13:27:47',	'2021-04-16 13:27:47'),
(206,	2,	5,	94,	'Cerium Ammonium Nitrate',	NULL,	'2021-04-16 13:28:06',	'2021-04-16 13:28:06'),
(207,	2,	5,	95,	'Lanthanum Nitrate',	NULL,	'2021-04-16 13:28:41',	'2021-04-16 13:28:41'),
(208,	2,	5,	95,	'Lanthanum Carbonate',	NULL,	'2021-04-16 13:28:59',	'2021-04-16 13:28:59'),
(209,	2,	6,	96,	'Cerium Ammonium Sulphate',	NULL,	'2021-04-16 13:30:15',	'2021-04-16 13:30:15'),
(210,	2,	6,	96,	'Cerium Ammonium Nitrate',	NULL,	'2021-04-16 13:30:50',	'2021-04-16 13:30:50'),
(211,	2,	6,	97,	'Lanthanum Nitrate',	NULL,	'2021-04-16 13:31:26',	'2021-04-16 13:31:26'),
(212,	2,	6,	97,	'Lanthanum Carbonate',	NULL,	'2021-04-16 13:31:46',	'2021-04-16 13:31:46'),
(213,	7,	2,	98,	'CAN from Cerium IV Hydroxide',	NULL,	'2021-04-16 13:33:42',	'2021-04-16 13:33:42'),
(214,	7,	2,	98,	'Cerium Cloride Heptahydrate from Blending',	NULL,	'2021-04-16 13:35:11',	'2021-04-16 13:35:11'),
(215,	2,	3,	99,	'Preperation & standardization of Ferrous Ammonium Sulphate',	NULL,	'2021-04-16 13:37:07',	'2021-04-16 13:37:07'),
(216,	2,	3,	99,	'Preparation & standardization of EDTA',	NULL,	'2021-04-16 13:38:21',	'2021-04-16 13:38:21'),
(217,	4,	3,	63,	'Machinery Under service contract',	NULL,	'2021-04-16 13:40:39',	'2021-04-16 13:40:39'),
(218,	4,	4,	100,	'Heavy Machinery Servicing',	NULL,	'2021-04-16 13:41:10',	'2021-04-16 13:41:10'),
(219,	8,	1,	101,	'Inventory Purchase',	NULL,	'2021-04-16 23:02:21',	'2021-04-16 23:02:21'),
(220,	8,	1,	101,	'Non-Inventory Purchase',	NULL,	'2021-04-16 23:02:34',	'2021-04-16 23:02:34'),
(221,	8,	1,	101,	'Emergency Purchase',	NULL,	'2021-04-16 23:02:53',	'2021-04-16 23:02:53'),
(222,	8,	1,	102,	'Excess Supply',	NULL,	'2021-04-16 23:03:25',	'2021-04-16 23:03:25'),
(223,	8,	1,	102,	'Rejected Material by QC',	NULL,	'2021-04-16 23:03:38',	'2021-04-16 23:03:38'),
(224,	8,	1,	103,	'Working in absence of HOD',	NULL,	'2021-04-16 23:04:31',	'2021-04-16 23:04:31'),
(225,	7,	1,	105,	'Process for Manufacturing FG',	NULL,	'2021-04-16 23:14:15',	'2021-04-16 23:14:15'),
(226,	7,	1,	105,	'Process for Manufacturing SFG',	NULL,	'2021-04-16 23:14:33',	'2021-04-16 23:14:33'),
(227,	7,	1,	106,	'Calibration of Instruments',	NULL,	'2021-04-16 23:15:31',	'2021-04-16 23:19:32'),
(228,	7,	1,	107,	'Inventory of Consumables / RM',	NULL,	'2021-04-16 23:18:41',	'2021-04-16 23:18:41'),
(229,	7,	1,	108,	'Maintaining of Equipment / Auxiliary equipment',	NULL,	'2021-04-16 23:20:15',	'2021-04-16 23:20:15'),
(230,	7,	1,	109,	'Entry Procedure',	NULL,	'2021-04-16 23:20:49',	'2021-04-16 23:23:49'),
(231,	7,	1,	109,	'Exit Procedure',	NULL,	'2021-04-16 23:21:20',	'2021-04-16 23:23:37'),
(232,	7,	1,	110,	'Drain, Cleaning & Sanitization',	NULL,	'2021-04-16 23:24:41',	'2021-04-16 23:24:41'),
(233,	7,	1,	111,	'Product Change-over',	NULL,	'2021-04-16 23:25:09',	'2021-04-16 23:25:09'),
(234,	7,	1,	112,	'Preventive measures to be taken during power failure/DG operation',	NULL,	'2021-04-16 23:25:36',	'2021-04-16 23:25:36'),
(235,	7,	1,	113,	'Control of Contamination',	NULL,	'2021-04-16 23:30:22',	'2021-04-16 23:30:22'),
(236,	7,	1,	114,	'Shift Hand Over',	NULL,	'2021-04-16 23:30:43',	'2021-04-16 23:30:43'),
(237,	7,	1,	115,	'Shift Change',	NULL,	'2021-04-16 23:30:58',	'2021-04-16 23:30:58'),
(238,	7,	1,	116,	'Shift Allotment',	NULL,	'2021-04-16 23:31:11',	'2021-04-16 23:31:11'),
(239,	7,	1,	117,	'Repacking of Material',	NULL,	'2021-04-16 23:32:27',	'2021-04-16 23:32:27'),
(240,	7,	1,	118,	'Handling of FG & RM',	NULL,	'2021-04-16 23:32:58',	'2021-04-16 23:32:58'),
(241,	7,	1,	119,	'Closing of BMR',	NULL,	'2021-04-16 23:34:08',	'2021-04-16 23:34:08'),
(242,	7,	1,	120,	'Leave Sanction / HR Related issues',	NULL,	'2021-04-16 23:34:22',	'2021-04-16 23:34:22'),
(243,	7,	1,	121,	'Scheduled meetings of Production Team',	NULL,	'2021-04-16 23:34:36',	'2021-04-16 23:34:36'),
(244,	7,	1,	122,	'Disciplinary Actions',	NULL,	'2021-04-16 23:34:51',	'2021-04-16 23:34:51'),
(245,	7,	1,	123,	'Break Timing',	NULL,	'2021-04-16 23:35:06',	'2021-04-16 23:35:06'),
(246,	7,	1,	124,	'Requisition of RM & Consumables',	NULL,	'2021-04-16 23:36:08',	'2021-04-16 23:36:08'),
(247,	7,	1,	125,	'Employee Gate Pass',	NULL,	'2021-04-16 23:38:09',	'2021-04-16 23:38:09'),
(248,	7,	1,	125,	'Employee Gate Pass',	NULL,	'2021-04-16 23:38:52',	'2021-04-16 23:38:52'),
(249,	7,	1,	126,	'Expansion & Re-Development',	NULL,	'2021-04-16 23:39:10',	'2021-04-16 23:39:10'),
(250,	7,	1,	127,	'Fire Emergency',	NULL,	'2021-04-16 23:39:35',	'2021-04-16 23:39:35'),
(251,	9,	1,	128,	'Annual Sales & Marketing Plan',	NULL,	'2021-04-16 23:43:21',	'2021-04-16 23:43:21'),
(252,	9,	1,	128,	'Quarterly Sales & Marketing Plan Submission & Review',	NULL,	'2021-04-16 23:43:53',	'2021-04-16 23:43:53'),
(253,	9,	1,	128,	'Monthly Sales & Marketing Plan Submission & Review',	NULL,	'2021-04-16 23:45:13',	'2021-04-16 23:45:13'),
(254,	9,	1,	129,	'Creating a Prospect on Tally',	NULL,	'2021-04-16 23:48:40',	'2021-04-16 23:48:40'),
(255,	9,	1,	129,	'Converting into Customer on Tally',	NULL,	'2021-04-16 23:48:53',	'2021-04-16 23:48:53'),
(256,	9,	1,	131,	'Order Posting',	NULL,	'2021-04-16 23:51:28',	'2021-04-16 23:51:28'),
(257,	9,	1,	131,	'Order Edit',	NULL,	'2021-04-16 23:51:41',	'2021-04-16 23:51:41'),
(258,	9,	1,	131,	'Order Deletion',	NULL,	'2021-04-16 23:51:56',	'2021-04-16 23:51:56'),
(259,	9,	1,	132,	'Logistic Instructions / Detail for Export Cargo',	NULL,	'2021-04-17 00:07:50',	'2021-04-17 00:07:50'),
(260,	9,	1,	132,	'Logistic Instructions / Detail for Domestic Cargo',	NULL,	'2021-04-17 00:08:05',	'2021-04-17 00:08:05'),
(261,	9,	1,	132,	'Specs given & approved to every client',	NULL,	'2021-04-17 00:08:41',	'2021-04-17 00:08:41'),
(262,	9,	1,	132,	'Specification sheets must be approved by respective HOD before forwarding to client',	NULL,	'2021-04-17 00:08:56',	'2021-04-17 00:08:56'),
(263,	9,	1,	134,	'FG Specification Sheets product-wise',	NULL,	'2021-04-17 00:10:03',	'2021-04-17 00:10:03'),
(264,	7,	2,	98,	'Cerium Cloride Hyptahydrate AR Grade from MLR',	NULL,	'2021-04-17 00:21:16',	'2021-04-17 00:21:16'),
(265,	7,	1,	98,	'Cerium Chloride Heptahydrate AR Grade from ML',	NULL,	'2021-04-17 00:22:06',	'2021-04-17 00:22:06'),
(266,	7,	2,	98,	'Cerium Hydrate for Sale',	NULL,	'2021-04-17 00:23:26',	'2021-04-17 00:23:26'),
(267,	7,	2,	98,	'Cerium Nitrate Hexhydrate Crystal from blending',	NULL,	'2021-04-17 00:23:44',	'2021-04-17 00:23:44'),
(268,	7,	2,	98,	'Lanthanum Nitrate',	NULL,	'2021-04-17 00:24:01',	'2021-04-17 00:24:01'),
(269,	7,	2,	98,	'1P (0) 50',	NULL,	'2021-04-17 00:25:08',	'2021-04-17 00:25:08'),
(270,	7,	2,	98,	'1A Manufacturing of 1P-100, 2P-100, 2P85, 2P60_Ballmill',	NULL,	'2021-04-17 00:25:23',	'2021-04-17 00:25:23'),
(271,	7,	2,	98,	'2B.Manufacturing of 1P-100, 2P-100, 2P85, 2P60_Calcined',	NULL,	'2021-04-17 00:25:34',	'2021-04-17 00:25:34'),
(272,	7,	2,	98,	'Manufacturing 1P (O) ST',	NULL,	'2021-04-17 00:25:42',	'2021-04-17 00:25:42'),
(273,	7,	2,	98,	'Manufacturing of 1 W (O)',	NULL,	'2021-04-17 00:25:51',	'2021-04-17 00:25:51'),
(274,	7,	2,	98,	'Manufacturing 2P20 or Cepoll 2000 from 1 P(O) ballmilled',	NULL,	'2021-04-17 00:26:49',	'2021-04-17 00:26:49'),
(275,	7,	2,	98,	'Manufacturing 2P20 (ECO) from 1 P(O) ballmilled',	NULL,	'2021-04-17 00:27:00',	'2021-04-17 00:27:00'),
(276,	7,	2,	98,	'Manufacturing 2P40 or Grade A or 2100 from 1 P(O) ballmilled',	NULL,	'2021-04-17 00:27:09',	'2021-04-17 00:27:09'),
(277,	7,	2,	98,	'Manufacturing of 2W100  1W100  2W85  2W60 from Yellow Oxide  For LPH',	NULL,	'2021-04-17 00:27:21',	'2021-04-17 00:27:21'),
(278,	7,	2,	98,	'Manufacturing 2W (O) from Wer carbonate direct calcined.',	NULL,	'2021-04-17 00:27:31',	'2021-04-17 00:27:31'),
(279,	7,	2,	98,	'Cepoll 1900 from Colouring Material 1P(O)',	NULL,	'2021-04-17 00:28:17',	'2021-04-17 00:28:17'),
(280,	7,	2,	98,	'1A Cerium Acetate from Carbonate Fresh',	NULL,	'2021-04-17 00:28:57',	'2021-04-17 00:28:57'),
(281,	7,	2,	98,	'2B Cerium Acetate from Mother Liquor',	NULL,	'2021-04-17 00:29:12',	'2021-04-17 00:29:12'),
(282,	7,	2,	98,	'3C Cerium Acetate from Old batches Blending',	NULL,	'2021-04-17 00:29:26',	'2021-04-17 00:29:26'),
(283,	7,	2,	98,	'Cerium Chloride 21% Solution 99% purity from IREL Carbonate',	NULL,	'2021-04-17 00:29:44',	'2021-04-17 00:29:44'),
(284,	7,	2,	98,	'1A. Cerium Chloride 21% Solution AR grade from cerium chloride MLR or RMLR',	NULL,	'2021-04-17 00:30:42',	'2021-04-17 00:30:42'),
(285,	7,	2,	98,	'2B.Cerium Chloride 21% Solution AR grade from Fresh Carbonate',	NULL,	'2021-04-17 00:31:02',	'2021-04-17 00:31:02'),
(286,	7,	2,	105,	'SFG_BasedStockSolution_FromAmmnia_SOP',	NULL,	'2021-04-17 00:31:24',	'2021-04-17 00:31:24'),
(287,	7,	2,	105,	'SFG_Based1P(O)Ballmilled_SOP',	NULL,	'2021-04-17 00:31:51',	'2021-04-17 00:31:51'),
(288,	7,	2,	105,	'SFGBaseCeriumHyderateForCAN_Cecl3 Sol with Peroxide treatment_SOP',	NULL,	'2021-04-17 00:32:04',	'2021-04-17 00:32:04'),
(289,	7,	2,	105,	'SFGBaseCeriumIVSulphateCoricSolution',	NULL,	'2021-04-17 00:32:12',	'2021-04-17 00:32:12'),
(290,	7,	2,	105,	'SFGBaseCeriumIVSulphateCoricSolution',	NULL,	'2021-04-17 00:32:28',	'2021-04-17 00:32:28'),
(291,	7,	2,	105,	'SFGBasedMP-HGcutCalcined_FromCeriumHyderate_SOP',	NULL,	'2021-04-17 00:32:41',	'2021-04-17 00:32:41'),
(292,	7,	2,	105,	'A.1 SFGBased1P(O)Calcined_ProcesswithPaddleDriedCarbonate_SOP',	NULL,	'2021-04-17 00:32:58',	'2021-04-17 00:32:58'),
(293,	7,	2,	105,	'B-2 SFGBased1P(O)Calcined_SOP',	NULL,	'2021-04-17 00:33:13',	'2021-04-17 00:33:13'),
(294,	7,	2,	105,	'SFGBased1W(O)Calcined',	NULL,	'2021-04-17 00:33:27',	'2021-04-17 00:33:27'),
(295,	7,	2,	105,	'SFGBased2W(O)Calcined_SOP',	NULL,	'2021-04-17 00:33:52',	'2021-04-17 00:33:52'),
(296,	7,	2,	105,	'A.1 SFGBasedAcidStockSol',	NULL,	'2021-04-17 00:34:19',	'2021-04-17 00:34:19'),
(297,	7,	2,	105,	'B.2 SFGBasedAcidStockSol',	NULL,	'2021-04-17 00:34:34',	'2021-04-17 00:34:34'),
(298,	7,	2,	105,	'C.3 SFGBasedAcidStockSol',	NULL,	'2021-04-17 00:34:46',	'2021-04-17 00:34:46'),
(299,	2,	3,	99,	'preperation & standardization of KMnO4',	NULL,	'2021-04-17 00:35:53',	'2021-04-17 00:35:53'),
(300,	2,	1,	99,	'preparation & standardization of Naoh',	NULL,	'2021-04-17 00:37:59',	'2021-04-17 00:37:59'),
(301,	2,	3,	99,	'preparation & standardization of Naoh',	NULL,	'2021-04-17 00:41:35',	'2021-04-17 00:41:35'),
(302,	2,	3,	99,	'preparation & standardization of HCl',	NULL,	'2021-04-17 00:41:59',	'2021-04-17 00:41:59'),
(303,	2,	3,	99,	'preparation of buffer solutions',	NULL,	'2021-04-17 00:42:12',	'2021-04-17 00:42:12'),
(304,	2,	3,	99,	'preparation of chloride & sulphate stock solutions',	NULL,	'2021-04-17 00:42:26',	'2021-04-17 00:42:26'),
(305,	2,	3,	99,	'% citric acid',	NULL,	'2021-04-17 00:42:37',	'2021-04-17 00:42:37'),
(306,	2,	3,	99,	'% citric acid',	NULL,	'2021-04-17 00:42:53',	'2021-04-17 00:42:53'),
(307,	2,	3,	99,	'% H2O2',	NULL,	'2021-04-17 00:43:08',	'2021-04-17 00:43:08'),
(308,	2,	3,	99,	'% H2SO4',	NULL,	'2021-04-17 00:43:20',	'2021-04-17 00:43:20'),
(309,	2,	3,	99,	'% HCl',	NULL,	'2021-04-17 00:43:32',	'2021-04-17 00:43:32'),
(310,	2,	3,	99,	'% HNO3',	NULL,	'2021-04-17 00:43:49',	'2021-04-17 00:43:49'),
(311,	2,	3,	99,	'% NaOH',	NULL,	'2021-04-17 00:44:05',	'2021-04-17 00:44:05'),
(312,	2,	3,	99,	'treo by titration ( III ) , Ce metal content',	NULL,	'2021-04-17 00:44:17',	'2021-04-17 00:44:17'),
(313,	2,	3,	99,	'% acetic acid',	NULL,	'2021-04-17 00:44:29',	'2021-04-17 00:44:29'),
(314,	2,	3,	99,	'% TREO ( IV ) , purity by titration ( IV )',	NULL,	'2021-04-17 00:44:43',	'2021-04-17 00:44:43'),
(315,	2,	3,	99,	'Free acetic acid',	NULL,	'2021-04-17 00:44:55',	'2021-04-17 00:44:55'),
(316,	2,	3,	99,	'% ammonia',	NULL,	'2021-04-17 00:45:07',	'2021-04-17 00:45:07'),
(317,	2,	3,	99,	'sulphates',	NULL,	'2021-04-17 00:45:23',	'2021-04-17 00:45:23'),
(318,	2,	3,	99,	'chlorides as cl',	NULL,	'2021-04-17 00:45:44',	'2021-04-17 00:45:44'),
(319,	2,	3,	99,	'% lod 150 C',	NULL,	'2021-04-17 00:46:48',	'2021-04-17 00:46:48'),
(320,	2,	3,	99,	'% lod 200 C',	NULL,	'2021-04-17 00:47:06',	'2021-04-17 00:47:06'),
(321,	2,	3,	99,	'treo by loi  , residue on ignition, loss on ignition',	NULL,	'2021-04-17 00:47:27',	'2021-04-17 00:47:27'),
(322,	2,	3,	99,	'WATER CONTENT BY KF',	NULL,	'2021-04-17 00:47:43',	'2021-04-17 00:47:43'),
(323,	2,	3,	99,	'ph general',	NULL,	'2021-04-17 00:47:57',	'2021-04-17 00:47:57'),
(324,	2,	3,	99,	'CALIBRATION OF weighing balance accuweight',	NULL,	'2021-04-17 00:48:12',	'2021-04-17 00:48:12'),
(325,	2,	3,	99,	'CALIBRATION OF weighing balance aczet',	NULL,	'2021-04-17 00:48:27',	'2021-04-17 00:48:27'),
(326,	2,	3,	99,	'CALIBRATION OF  pH meter Labman',	NULL,	'2021-04-17 00:48:42',	'2021-04-17 00:48:42'),
(327,	2,	3,	99,	'CALIBRATION OF  pH meter hanna',	NULL,	'2021-04-17 00:48:57',	'2021-04-17 00:48:57'),
(328,	2,	3,	99,	'CALIBRATION OF  pH meter toshniwal',	NULL,	'2021-04-17 00:49:17',	'2021-04-17 00:49:17'),
(329,	2,	3,	99,	'CALIBRATION OF  pH meter toshncon',	NULL,	'2021-04-17 00:49:33',	'2021-04-17 00:49:33'),
(330,	2,	2,	99,	'CALIBRATION OF  pH meter handheld aquasol',	NULL,	'2021-04-17 00:49:47',	'2021-04-17 00:49:47'),
(331,	2,	3,	99,	'sop of hot air oven',	NULL,	'2021-04-17 00:50:14',	'2021-04-17 00:50:14'),
(332,	2,	3,	99,	'sop of muffel furnace',	NULL,	'2021-04-17 00:50:24',	'2021-04-17 00:50:24'),
(333,	2,	3,	99,	'CALIBRATION OF KF TITRATOR',	NULL,	'2021-04-17 00:50:40',	'2021-04-17 00:50:40'),
(334,	2,	3,	99,	'CALIBRATION AND OPERATION  OF PARTICLE SIZE ANALYSER',	NULL,	'2021-04-17 00:50:56',	'2021-04-17 00:50:56'),
(335,	2,	3,	99,	'OPERATION OF POLISHING TRIAL MACHINE',	NULL,	'2021-04-17 00:51:10',	'2021-04-17 00:51:10'),
(336,	2,	3,	99,	'average stock removal',	NULL,	'2021-04-17 00:51:23',	'2021-04-17 00:51:23'),
(337,	2,	3,	99,	'tapped density',	NULL,	'2021-04-17 00:51:37',	'2021-04-17 00:51:37'),
(338,	2,	3,	99,	'Slurry TDS',	NULL,	'2021-04-17 00:51:51',	'2021-04-17 00:51:51'),
(339,	2,	3,	99,	'Baume at 4 % , suspension',	NULL,	'2021-04-17 00:54:11',	'2021-04-17 00:54:11'),
(340,	2,	3,	99,	'CeO2   TREO mathematical',	NULL,	'2021-04-17 00:54:52',	'2021-04-17 00:54:52'),
(341,	2,	3,	99,	'solubility & insoluble matter',	NULL,	'2021-04-17 00:55:09',	'2021-04-17 00:55:09'),
(342,	2,	3,	99,	'La2O3   TREO mathematical',	NULL,	'2021-04-17 00:55:22',	'2021-04-17 00:55:22'),
(343,	2,	3,	99,	'Residue on sieve',	NULL,	'2021-04-17 00:55:35',	'2021-04-17 00:55:35'),
(344,	2,	3,	99,	'visual observation',	NULL,	'2021-04-17 00:55:51',	'2021-04-17 00:55:51'),
(345,	2,	3,	99,	'physical appearance',	NULL,	'2021-04-17 01:04:02',	'2021-04-17 01:04:02'),
(346,	2,	3,	99,	'specific gravity',	NULL,	'2021-04-17 01:04:17',	'2021-04-17 01:04:17'),
(347,	2,	3,	99,	'PSD , D50 , D 97',	NULL,	'2021-04-17 01:04:36',	'2021-04-17 01:04:36'),
(348,	2,	3,	99,	'no test required',	NULL,	'2021-04-17 01:04:47',	'2021-04-17 01:04:47'),
(349,	2,	3,	99,	'odour',	NULL,	'2021-04-17 01:05:00',	'2021-04-17 01:05:00'),
(350,	2,	3,	99,	'retesting date',	NULL,	'2021-04-17 01:05:20',	'2021-04-17 01:05:20'),
(351,	2,	3,	99,	'third party analysis',	NULL,	'2021-04-17 01:05:32',	'2021-04-17 01:05:32'),
(352,	2,	3,	99,	'OPERATION OF AAS',	NULL,	'2021-04-17 01:05:50',	'2021-04-17 01:05:50'),
(353,	2,	2,	99,	'% oxalic acid',	NULL,	'2021-04-17 01:06:04',	'2021-04-17 01:06:04'),
(354,	2,	3,	99,	'Ca as CaO',	NULL,	'2021-04-17 01:06:18',	'2021-04-17 01:06:18'),
(355,	2,	3,	99,	'Fe as Fe2O3',	NULL,	'2021-04-17 01:06:32',	'2021-04-17 01:06:32'),
(356,	2,	3,	99,	'Mg',	NULL,	'2021-04-17 01:06:45',	'2021-04-17 01:06:45'),
(357,	2,	3,	99,	'Na',	NULL,	'2021-04-17 01:06:58',	'2021-04-17 01:06:58'),
(358,	2,	3,	99,	'Zn',	NULL,	'2021-04-17 01:07:19',	'2021-04-17 01:07:19'),
(359,	2,	3,	99,	'DISTILLED WATER STILL',	NULL,	'2021-04-17 01:07:35',	'2021-04-17 01:07:35'),
(360,	2,	3,	99,	'SAMPLE HANDLING',	NULL,	'2021-04-17 01:07:50',	'2021-04-17 01:07:50'),
(361,	2,	3,	99,	'Raw material sampling',	NULL,	'2021-04-17 01:08:07',	'2021-04-17 01:08:07'),
(362,	2,	3,	99,	'CALIBRATION of TDS METER HM DIGITAL',	NULL,	'2021-04-17 01:08:21',	'2021-04-17 01:08:21'),
(363,	2,	3,	99,	'CALIBRATION of TDS METER AQUASOL',	NULL,	'2021-04-17 01:08:36',	'2021-04-17 01:08:36'),
(364,	2,	3,	99,	'% ammonium sulphate assay',	NULL,	'2021-04-17 01:08:51',	'2021-04-17 01:08:51'),
(365,	2,	3,	99,	'GENERAL INCOMING RAWMATERIAL SAMPLING & TESTING',	NULL,	'2021-04-17 01:09:05',	'2021-04-17 01:09:05'),
(366,	2,	3,	99,	'DECANT TEST FOR CERIUM ACETATE',	NULL,	'2021-04-17 01:09:20',	'2021-04-17 01:09:20'),
(367,	2,	3,	99,	'TESTING PARAMETRES FOR INCOMING RAW MATERIALS',	NULL,	'2021-04-17 01:10:48',	'2021-04-17 01:10:48'),
(368,	2,	3,	99,	'TESTING PARAMETERS FOR FINISH PRODUCT',	NULL,	'2021-04-17 01:11:02',	'2021-04-17 01:11:02'),
(369,	2,	3,	99,	'TESTING PARAMETERS FOR FINISH PRODUCT POLISHING',	NULL,	'2021-04-17 01:11:13',	'2021-04-17 01:11:13'),
(370,	2,	3,	99,	'INPROCESS TESTING PARAMETERS',	NULL,	'2021-04-17 01:11:51',	'2021-04-17 01:11:51'),
(371,	2,	3,	99,	'STANDARD LABLE FORMAT',	NULL,	'2021-04-17 01:12:07',	'2021-04-17 01:12:07'),
(372,	2,	3,	99,	'STANDARD FORMATS',	NULL,	'2021-04-17 01:12:35',	'2021-04-17 01:12:35'),
(373,	2,	3,	99,	'SOP FOR ICP OES',	NULL,	'2021-04-17 01:12:55',	'2021-04-17 01:12:55'),
(374,	2,	3,	99,	'ANALYSIS OF LANTHANUM IN CERIUM NITRATE CRYSTALS',	NULL,	'2021-04-17 01:13:06',	'2021-04-17 01:13:06'),
(375,	2,	3,	99,	'ANALYSIS OF ALUMINIUM  IN CERIUM NITRATE CRYSTALS',	NULL,	'2021-04-17 01:13:18',	'2021-04-17 01:13:18'),
(376,	2,	3,	99,	'ANALYSIS OF SILICA  IN CERIUM NITRATE CRYSTALS',	NULL,	'2021-04-17 01:13:34',	'2021-04-17 01:13:34'),
(377,	2,	3,	99,	'ANALYSIS OF CALCIUM   IN CERIUM NITRATE CRYSTALS',	NULL,	'2021-04-17 01:13:47',	'2021-04-17 01:13:47'),
(378,	2,	3,	99,	'ANALYSIS OF IRON Fe AS Fe2O3   IN CERIUM NITRATE CRYSTALS',	NULL,	'2021-04-17 01:14:00',	'2021-04-17 01:14:00'),
(379,	2,	3,	99,	'ANALYSIS OF Zn   IN CERIUM NITRATE CRYSTALS',	NULL,	'2021-04-17 01:14:13',	'2021-04-17 01:14:13'),
(380,	2,	3,	99,	'ANALYSIS OF Y AS Y2O3   IN CERIUM NITRATE CRYSTALS',	NULL,	'2021-04-17 01:14:29',	'2021-04-17 01:14:29'),
(381,	2,	3,	99,	'ANALYSIS OF Pr AS Pr6O11   IN CERIUM NITRATE CRYSTALS',	NULL,	'2021-04-17 01:14:42',	'2021-04-17 01:14:42'),
(382,	2,	3,	99,	'ANALYSIS OF Nd AS Nd2O3   IN CERIUM NITRATE CRYSTALS',	NULL,	'2021-04-17 01:15:16',	'2021-04-17 01:15:16'),
(383,	2,	3,	99,	'ANALYSIS OF INCOMING MIDC WATER TANK WATER',	NULL,	'2021-04-17 01:15:31',	'2021-04-17 01:15:31'),
(384,	2,	3,	99,	'PLANT BALANCE VALIDATION BEFORE WEIGHING',	NULL,	'2021-04-17 01:16:02',	'2021-04-17 01:16:02'),
(385,	2,	3,	99,	'STANDARDS preparation FOR AAS',	NULL,	'2021-04-17 01:16:34',	'2021-04-17 01:16:34'),
(386,	2,	3,	99,	'STANDARDS preparation FOR AAS',	NULL,	'2021-04-17 01:16:35',	'2021-04-17 01:16:35'),
(387,	9,	6,	135,	'CEPOLL HGCUT',	NULL,	'2021-04-17 04:56:51',	'2021-04-17 04:56:51');

DROP TABLE IF EXISTS `units`;
CREATE TABLE `units` (
  `id` bigint(20) unsigned NOT NULL AUTO_INCREMENT,
  `unit_name` varchar(255) COLLATE utf8mb4_unicode_ci NOT NULL,
  `deleted_at` timestamp NULL DEFAULT NULL,
  `created_at` timestamp NULL DEFAULT NULL,
  `updated_at` timestamp NULL DEFAULT NULL,
  PRIMARY KEY (`id`)
) ENGINE=InnoDB DEFAULT CHARSET=utf8mb4 COLLATE=utf8mb4_unicode_ci;

INSERT INTO `units` (`id`, `unit_name`, `deleted_at`, `created_at`, `updated_at`) VALUES
(1,	'KG',	NULL,	'2021-04-16 18:39:41',	'2021-04-16 18:39:41'),
(2,	'LTR',	NULL,	'2021-04-16 18:39:55',	'2021-04-16 18:39:55'),
(3,	'NOs',	NULL,	'2021-04-16 18:40:22',	'2021-04-16 18:40:22');

DROP TABLE IF EXISTS `users`;
CREATE TABLE `users` (
  `id` bigint(20) unsigned NOT NULL AUTO_INCREMENT,
  `name` varchar(255) COLLATE utf8mb4_unicode_ci NOT NULL,
  `username` varchar(255) COLLATE utf8mb4_unicode_ci NOT NULL,
  `email` varchar(255) COLLATE utf8mb4_unicode_ci DEFAULT NULL,
  `department` varchar(255) COLLATE utf8mb4_unicode_ci NOT NULL,
  `role` varchar(255) COLLATE utf8mb4_unicode_ci NOT NULL,
  `navigation_type` enum('ADMIN','HOD','USER') COLLATE utf8mb4_unicode_ci DEFAULT NULL,
  `password` varchar(255) COLLATE utf8mb4_unicode_ci NOT NULL,
  `remember_token` varchar(100) COLLATE utf8mb4_unicode_ci DEFAULT NULL,
  `deleted_at` timestamp NULL DEFAULT NULL,
  `created_at` timestamp NULL DEFAULT NULL,
  `updated_at` timestamp NULL DEFAULT NULL,
  PRIMARY KEY (`id`)
) ENGINE=InnoDB DEFAULT CHARSET=utf8mb4 COLLATE=utf8mb4_unicode_ci;

INSERT INTO `users` (`id`, `name`, `username`, `email`, `department`, `role`, `navigation_type`, `password`, `remember_token`, `deleted_at`, `created_at`, `updated_at`) VALUES
(15,	'Mr.Gill',	'TOP LEVEL MANAGEMENT-SUPER ADMIN-MR.GILL',	NULL,	'TOP LEVEL MANAGEMENT',	'SUPER ADMIN',	'ADMIN',	'$2y$10$M1fC6PZA.NqdhS55.V.bF.6yTeXFv/sNSIdT0Z/ag/xgIc0XN..0q',	NULL,	NULL,	'2021-04-14 18:46:25',	'2021-04-14 18:46:25'),
(16,	'Kulkarni',	'QC-HOD-KULKARNI',	NULL,	'QC',	'HOD',	'HOD',	'$2y$10$eGH34kFhVjg7ZSLH2as/zOeeHHzgzwMJNF1SQPeT5ApqWEyVX/mqC',	NULL,	NULL,	'2021-04-16 00:02:29',	'2021-04-16 05:33:32'),
(20,	'MANOJ',	'QC-ASSISTANT-MANOJ',	NULL,	'QC',	'ASSISTANT',	'USER',	'$2y$10$f3vkt5PD6JUD/iowCJqmo.RNoQT2AVj.MlY77jGvbKwbpIaK7f6E6',	NULL,	NULL,	'2021-04-16 01:56:22',	'2021-04-16 01:56:22'),
(21,	'KAVITA PALANDE',	'Logistics-HOD-KAVITA',	NULL,	'Logistics',	'HOD',	'HOD',	'$2y$10$ll2Sdo83OFZ/hERfHtxa8OIJ3.MKUk9nyZloULE.W9pSTgY8h.c9G',	NULL,	NULL,	'2021-04-16 01:59:03',	'2021-04-16 05:36:40'),
(22,	'DEEPALI',	'Logistics-EXECUTIVE-DEEPALI',	NULL,	'Logistics',	'EXECUTIVE',	'USER',	'$2y$10$YOhlPKVMsDjmzTVEqwAzPuha.uxIE.6xWnuHmKqerMdw5skHkYO7q',	NULL,	NULL,	'2021-04-16 01:59:22',	'2021-04-16 05:36:57'),
(24,	'Manoj Vazirani',	'Maintenance-HOD-MANOJ',	NULL,	'Maintenance',	'HOD',	'HOD',	'$2y$10$F6z7XvPvYmW8taOqVGdT6./w/79NxXKhb0nhBj7KFDupkv0/l6Ep2',	NULL,	NULL,	'2021-04-17 01:21:20',	'2021-04-17 01:21:20'),
(25,	'Sumant K',	'HR&ADMIN-HOD-SUMANT',	NULL,	'HR&ADMIN',	'HOD',	'HOD',	'$2y$10$guX4Mu/fhTJGeBtJmtVPAOBQu4sQ0ByXRcmg.PKpVATELrYvJhThq',	NULL,	NULL,	'2021-04-17 01:21:54',	'2021-04-17 03:13:26'),
(26,	'Amit Singh',	'Finance-HOD-AMIT',	NULL,	'Finance',	'HOD',	'HOD',	'$2y$10$QdZx7fmWr5DamA.2vXeQ9OKAwa5PjdnH5mdSxYK4un.BJjo0dNq66',	NULL,	NULL,	'2021-04-17 01:22:20',	'2021-04-17 01:22:20'),
(27,	'Vinod Tarmale',	'Production-HOD-VINOD',	NULL,	'Production',	'HOD',	'HOD',	'$2y$10$vtDi0chZlvnvycjkQ7JIZ.AsWGKP3eQ2cpx33OaU/D/o.nQPY2elq',	NULL,	NULL,	'2021-04-17 01:22:45',	'2021-04-17 01:22:45'),
(28,	'Satish Mundhe',	'Sales-HOD-SATISH',	NULL,	'Sales',	'HOD',	'HOD',	'$2y$10$J8G72kSR2gkEOB2daW8T/.woOzdt4L2K9m1beDDAdGWt864J6eVIG',	NULL,	NULL,	'2021-04-17 01:23:40',	'2021-04-17 01:23:40'),
(29,	'Kavita Palande',	'Stores-HOD-KAVITA',	NULL,	'Stores',	'HOD',	'HOD',	'$2y$10$G4HcAwExGnCnyjYdu3PKPuEgZMjF41Zh2uwEbYx/XaPseOn/Qh1wS',	NULL,	NULL,	'2021-04-17 01:24:14',	'2021-04-17 01:24:14'),
(30,	'Narayan Chaudhary',	'Stores-ASSISTANT-NARAYAN',	NULL,	'Stores',	'ASSISTANT',	'USER',	'$2y$10$yOITstie9x9FuezzQwXgb.j4Qr7rk5/xlo96NdU5muxcmPLdqksrK',	NULL,	NULL,	'2021-04-17 01:25:41',	'2021-04-17 01:25:41'),
(31,	'Sunita',	'Finance-EXECUTIVE-SUNITA',	NULL,	'Finance',	'EXECUTIVE',	'USER',	'$2y$10$nOuGRgAkrRu7lv1p3LRioeXlv0qhs8YSRSkxTUQaT7YcRjYEcAgQq',	NULL,	NULL,	'2021-04-17 01:26:35',	'2021-04-17 01:26:35'),
(32,	'Amit Gatir',	'Sales-EXECUTIVE-AMIT',	NULL,	'Sales',	'EXECUTIVE',	'USER',	'$2y$10$qpDX9gqnLUeAfwByC42gPOZJF4WIDxVBYFXN.L9FO1hmtIr8M6Nra',	NULL,	NULL,	'2021-04-17 01:27:08',	'2021-04-17 01:27:08');

DROP TABLE IF EXISTS `user_document_permissions`;
CREATE TABLE `user_document_permissions` (
  `id` bigint(20) unsigned NOT NULL AUTO_INCREMENT,
  `user_id` int(11) NOT NULL,
  `department_id` int(11) NOT NULL,
  `form_id` int(11) NOT NULL,
  `main_document_id` int(11) NOT NULL,
  `sub_document_id` int(11) NOT NULL,
  `permission_type` enum('CREATE_UPDATE_ROLLBACK_DOC','DEACTIVE_REACTIVE_DOC','VIEW_ACTIVE_DOC','VIEW_PENDING_DOC','VIEW_REJECTED_DOC','VIEW_ARCHIVE_DOC','CAPA_STATUS','ALL') COLLATE utf8mb4_unicode_ci NOT NULL,
  `deleted_at` timestamp NULL DEFAULT NULL,
  `created_at` timestamp NULL DEFAULT NULL,
  `updated_at` timestamp NULL DEFAULT NULL,
  PRIMARY KEY (`id`)
) ENGINE=InnoDB DEFAULT CHARSET=utf8mb4 COLLATE=utf8mb4_unicode_ci;

INSERT INTO `user_document_permissions` (`id`, `user_id`, `department_id`, `form_id`, `main_document_id`, `sub_document_id`, `permission_type`, `deleted_at`, `created_at`, `updated_at`) VALUES
(1,	16,	1,	3,	1,	1,	'VIEW_ACTIVE_DOC',	NULL,	'2021-04-16 00:07:04',	'2021-04-16 00:07:04'),
(2,	16,	1,	3,	1,	1,	'VIEW_PENDING_DOC',	NULL,	'2021-04-16 00:07:07',	'2021-04-16 00:07:07'),
(3,	16,	1,	1,	3,	7,	'CREATE_UPDATE_ROLLBACK_DOC',	'2021-04-16 01:00:47',	'2021-04-16 01:00:34',	'2021-04-16 01:00:47'),
(4,	16,	1,	1,	3,	7,	'DEACTIVE_REACTIVE_DOC',	'2021-04-16 01:00:47',	'2021-04-16 01:00:34',	'2021-04-16 01:00:47'),
(5,	16,	1,	1,	3,	7,	'VIEW_ACTIVE_DOC',	'2021-04-16 01:00:47',	'2021-04-16 01:00:34',	'2021-04-16 01:00:47'),
(6,	16,	1,	1,	3,	7,	'VIEW_PENDING_DOC',	'2021-04-16 01:00:47',	'2021-04-16 01:00:34',	'2021-04-16 01:00:47'),
(7,	16,	1,	1,	3,	7,	'VIEW_REJECTED_DOC',	'2021-04-16 01:00:47',	'2021-04-16 01:00:34',	'2021-04-16 01:00:47'),
(8,	16,	1,	1,	3,	7,	'VIEW_ARCHIVE_DOC',	'2021-04-16 01:00:47',	'2021-04-16 01:00:34',	'2021-04-16 01:00:47'),
(9,	16,	1,	1,	3,	7,	'CAPA_STATUS',	'2021-04-16 01:00:47',	'2021-04-16 01:00:34',	'2021-04-16 01:00:47'),
(10,	16,	1,	1,	3,	7,	'ALL',	'2021-04-16 01:00:47',	'2021-04-16 01:00:34',	'2021-04-16 01:00:47'),
(11,	16,	1,	1,	3,	7,	'CREATE_UPDATE_ROLLBACK_DOC',	'2021-04-16 01:00:47',	'2021-04-16 01:00:46',	'2021-04-16 01:00:47'),
(12,	16,	1,	1,	3,	7,	'DEACTIVE_REACTIVE_DOC',	'2021-04-16 01:00:47',	'2021-04-16 01:00:46',	'2021-04-16 01:00:47'),
(13,	16,	1,	1,	3,	7,	'VIEW_ACTIVE_DOC',	'2021-04-16 01:00:47',	'2021-04-16 01:00:46',	'2021-04-16 01:00:47'),
(14,	16,	1,	1,	3,	7,	'VIEW_PENDING_DOC',	'2021-04-16 01:00:47',	'2021-04-16 01:00:46',	'2021-04-16 01:00:47'),
(15,	16,	1,	1,	3,	7,	'VIEW_REJECTED_DOC',	'2021-04-16 01:00:47',	'2021-04-16 01:00:46',	'2021-04-16 01:00:47'),
(16,	16,	1,	1,	3,	7,	'VIEW_ARCHIVE_DOC',	'2021-04-16 01:00:47',	'2021-04-16 01:00:46',	'2021-04-16 01:00:47'),
(17,	16,	1,	1,	3,	7,	'CAPA_STATUS',	'2021-04-16 01:00:47',	'2021-04-16 01:00:46',	'2021-04-16 01:00:47'),
(18,	16,	1,	1,	3,	7,	'ALL',	'2021-04-16 01:00:47',	'2021-04-16 01:00:46',	'2021-04-16 01:00:47'),
(19,	16,	1,	1,	2,	3,	'VIEW_ACTIVE_DOC',	'2021-04-16 03:50:45',	'2021-04-16 02:01:08',	'2021-04-16 03:50:45'),
(20,	16,	1,	1,	2,	4,	'VIEW_ACTIVE_DOC',	'2021-04-16 03:50:47',	'2021-04-16 02:01:22',	'2021-04-16 03:50:47'),
(21,	16,	2,	1,	23,	50,	'CREATE_UPDATE_ROLLBACK_DOC',	'2021-04-27 23:35:41',	'2021-04-16 02:02:02',	'2021-04-27 23:35:41'),
(22,	16,	2,	1,	23,	50,	'DEACTIVE_REACTIVE_DOC',	'2021-04-27 23:35:41',	'2021-04-16 02:02:02',	'2021-04-27 23:35:41'),
(23,	16,	2,	1,	23,	50,	'VIEW_ACTIVE_DOC',	'2021-04-27 23:35:41',	'2021-04-16 02:02:02',	'2021-04-27 23:35:41'),
(24,	16,	2,	1,	23,	50,	'VIEW_PENDING_DOC',	'2021-04-27 23:35:41',	'2021-04-16 02:02:02',	'2021-04-27 23:35:41'),
(25,	16,	2,	1,	23,	50,	'VIEW_REJECTED_DOC',	'2021-04-27 23:35:41',	'2021-04-16 02:02:02',	'2021-04-27 23:35:41'),
(26,	16,	2,	1,	23,	50,	'VIEW_ARCHIVE_DOC',	'2021-04-27 23:35:41',	'2021-04-16 02:02:02',	'2021-04-27 23:35:41'),
(27,	16,	2,	1,	23,	50,	'CAPA_STATUS',	'2021-04-27 23:35:41',	'2021-04-16 02:02:02',	'2021-04-27 23:35:41'),
(28,	16,	2,	1,	23,	50,	'ALL',	'2021-04-27 23:35:41',	'2021-04-16 02:02:02',	'2021-04-27 23:35:41'),
(29,	16,	2,	1,	23,	51,	'CREATE_UPDATE_ROLLBACK_DOC',	'2021-04-16 13:42:18',	'2021-04-16 02:02:12',	'2021-04-16 13:42:18'),
(30,	16,	2,	1,	23,	51,	'DEACTIVE_REACTIVE_DOC',	'2021-04-16 13:42:17',	'2021-04-16 02:02:12',	'2021-04-16 13:42:17'),
(31,	16,	2,	1,	23,	51,	'VIEW_ACTIVE_DOC',	'2021-04-16 13:42:16',	'2021-04-16 02:02:12',	'2021-04-16 13:42:16'),
(32,	16,	2,	1,	23,	51,	'VIEW_PENDING_DOC',	'2021-04-16 13:42:20',	'2021-04-16 02:02:12',	'2021-04-16 13:42:20'),
(33,	16,	2,	1,	23,	51,	'VIEW_REJECTED_DOC',	'2021-04-16 13:42:21',	'2021-04-16 02:02:12',	'2021-04-16 13:42:21'),
(34,	16,	2,	1,	23,	51,	'VIEW_ARCHIVE_DOC',	'2021-04-16 13:42:22',	'2021-04-16 02:02:12',	'2021-04-16 13:42:22'),
(35,	16,	2,	1,	23,	51,	'CAPA_STATUS',	'2021-04-16 13:42:23',	'2021-04-16 02:02:12',	'2021-04-16 13:42:23'),
(36,	16,	2,	1,	23,	51,	'ALL',	NULL,	'2021-04-16 02:02:12',	'2021-04-16 02:02:12'),
(37,	16,	2,	1,	25,	52,	'CREATE_UPDATE_ROLLBACK_DOC',	'2021-04-21 06:57:01',	'2021-04-16 02:02:21',	'2021-04-21 06:57:01'),
(38,	16,	2,	1,	25,	52,	'DEACTIVE_REACTIVE_DOC',	'2021-04-21 06:57:03',	'2021-04-16 02:02:21',	'2021-04-21 06:57:03'),
(39,	16,	2,	1,	25,	52,	'VIEW_ACTIVE_DOC',	'2021-04-21 06:57:02',	'2021-04-16 02:02:21',	'2021-04-21 06:57:02'),
(40,	16,	2,	1,	25,	52,	'VIEW_PENDING_DOC',	'2021-04-21 06:57:04',	'2021-04-16 02:02:21',	'2021-04-21 06:57:04'),
(41,	16,	2,	1,	25,	52,	'VIEW_REJECTED_DOC',	'2021-04-21 06:57:04',	'2021-04-16 02:02:21',	'2021-04-21 06:57:04'),
(42,	16,	2,	1,	25,	52,	'VIEW_ARCHIVE_DOC',	'2021-04-21 06:57:07',	'2021-04-16 02:02:21',	'2021-04-21 06:57:07'),
(43,	16,	2,	1,	25,	52,	'CAPA_STATUS',	'2021-04-21 06:57:07',	'2021-04-16 02:02:21',	'2021-04-21 06:57:07'),
(44,	16,	2,	1,	25,	52,	'ALL',	NULL,	'2021-04-16 02:02:21',	'2021-04-16 02:02:21'),
(45,	16,	2,	1,	26,	53,	'CREATE_UPDATE_ROLLBACK_DOC',	'2021-04-16 13:42:37',	'2021-04-16 02:02:37',	'2021-04-16 13:42:37'),
(46,	16,	2,	1,	26,	53,	'DEACTIVE_REACTIVE_DOC',	'2021-04-16 13:42:35',	'2021-04-16 02:02:37',	'2021-04-16 13:42:35'),
(47,	16,	2,	1,	26,	53,	'VIEW_ACTIVE_DOC',	'2021-04-16 13:42:34',	'2021-04-16 02:02:37',	'2021-04-16 13:42:34'),
(48,	16,	2,	1,	26,	53,	'VIEW_PENDING_DOC',	'2021-04-16 13:42:32',	'2021-04-16 02:02:37',	'2021-04-16 13:42:32'),
(49,	16,	2,	1,	26,	53,	'VIEW_REJECTED_DOC',	'2021-04-16 13:42:31',	'2021-04-16 02:02:37',	'2021-04-16 13:42:31'),
(50,	16,	2,	1,	26,	53,	'VIEW_ARCHIVE_DOC',	'2021-04-16 13:42:25',	'2021-04-16 02:02:37',	'2021-04-16 13:42:25'),
(51,	16,	2,	1,	26,	53,	'CAPA_STATUS',	'2021-04-16 13:42:24',	'2021-04-16 02:02:37',	'2021-04-16 13:42:24'),
(52,	16,	2,	1,	26,	53,	'ALL',	NULL,	'2021-04-16 02:02:37',	'2021-04-16 02:02:37'),
(53,	16,	2,	1,	27,	54,	'CREATE_UPDATE_ROLLBACK_DOC',	'2021-04-16 13:42:40',	'2021-04-16 02:02:47',	'2021-04-16 13:42:40'),
(54,	16,	2,	1,	27,	54,	'DEACTIVE_REACTIVE_DOC',	'2021-04-16 13:42:43',	'2021-04-16 02:02:47',	'2021-04-16 13:42:43'),
(55,	16,	2,	1,	27,	54,	'VIEW_ACTIVE_DOC',	'2021-04-16 13:42:42',	'2021-04-16 02:02:47',	'2021-04-16 13:42:42'),
(56,	16,	2,	1,	27,	54,	'VIEW_PENDING_DOC',	'2021-04-16 13:42:30',	'2021-04-16 02:02:47',	'2021-04-16 13:42:30'),
(57,	16,	2,	1,	27,	54,	'VIEW_REJECTED_DOC',	'2021-04-16 13:42:29',	'2021-04-16 02:02:47',	'2021-04-16 13:42:29'),
(58,	16,	2,	1,	27,	54,	'VIEW_ARCHIVE_DOC',	'2021-04-16 13:42:27',	'2021-04-16 02:02:47',	'2021-04-16 13:42:27'),
(59,	16,	2,	1,	27,	54,	'CAPA_STATUS',	'2021-04-16 13:42:28',	'2021-04-16 02:02:47',	'2021-04-16 13:42:28'),
(60,	16,	2,	1,	27,	54,	'ALL',	'2021-04-21 06:57:31',	'2021-04-16 02:02:47',	'2021-04-21 06:57:31'),
(61,	16,	2,	1,	27,	55,	'CREATE_UPDATE_ROLLBACK_DOC',	'2021-04-16 13:42:48',	'2021-04-16 02:02:55',	'2021-04-16 13:42:48'),
(62,	16,	2,	1,	27,	55,	'DEACTIVE_REACTIVE_DOC',	'2021-04-16 13:42:46',	'2021-04-16 02:02:55',	'2021-04-16 13:42:46'),
(63,	16,	2,	1,	27,	55,	'VIEW_ACTIVE_DOC',	'2021-04-16 13:42:45',	'2021-04-16 02:02:55',	'2021-04-16 13:42:45'),
(64,	16,	2,	1,	27,	55,	'VIEW_PENDING_DOC',	'2021-04-16 13:42:50',	'2021-04-16 02:02:55',	'2021-04-16 13:42:50'),
(65,	16,	2,	1,	27,	55,	'VIEW_REJECTED_DOC',	'2021-04-16 13:42:49',	'2021-04-16 02:02:55',	'2021-04-16 13:42:49'),
(66,	16,	2,	1,	27,	55,	'VIEW_ARCHIVE_DOC',	'2021-04-16 13:42:52',	'2021-04-16 02:02:55',	'2021-04-16 13:42:52'),
(67,	16,	2,	1,	27,	55,	'CAPA_STATUS',	'2021-04-16 13:42:53',	'2021-04-16 02:02:55',	'2021-04-16 13:42:53'),
(68,	16,	2,	1,	27,	55,	'ALL',	'2021-04-21 06:57:57',	'2021-04-16 02:02:55',	'2021-04-21 06:57:57'),
(69,	16,	2,	1,	28,	56,	'CREATE_UPDATE_ROLLBACK_DOC',	'2021-04-16 13:43:03',	'2021-04-16 02:03:00',	'2021-04-16 13:43:03'),
(70,	16,	2,	1,	28,	56,	'DEACTIVE_REACTIVE_DOC',	'2021-04-16 13:43:01',	'2021-04-16 02:03:01',	'2021-04-16 13:43:01'),
(71,	16,	2,	1,	28,	56,	'VIEW_ACTIVE_DOC',	'2021-04-16 13:43:00',	'2021-04-16 02:03:01',	'2021-04-16 13:43:00'),
(72,	16,	2,	1,	28,	56,	'VIEW_PENDING_DOC',	'2021-04-16 13:42:58',	'2021-04-16 02:03:01',	'2021-04-16 13:42:58'),
(73,	16,	2,	1,	28,	56,	'VIEW_REJECTED_DOC',	'2021-04-16 13:42:59',	'2021-04-16 02:03:01',	'2021-04-16 13:42:59'),
(74,	16,	2,	1,	28,	56,	'VIEW_ARCHIVE_DOC',	'2021-04-16 13:42:56',	'2021-04-16 02:03:01',	'2021-04-16 13:42:56'),
(75,	16,	2,	1,	28,	56,	'CAPA_STATUS',	'2021-04-16 13:42:55',	'2021-04-16 02:03:01',	'2021-04-16 13:42:55'),
(76,	16,	2,	1,	28,	56,	'ALL',	NULL,	'2021-04-16 02:03:01',	'2021-04-16 02:03:01'),
(77,	16,	2,	1,	30,	57,	'CREATE_UPDATE_ROLLBACK_DOC',	'2021-04-21 06:58:29',	'2021-04-16 02:03:51',	'2021-04-21 06:58:29'),
(78,	16,	2,	1,	30,	57,	'DEACTIVE_REACTIVE_DOC',	'2021-04-21 06:58:29',	'2021-04-16 02:03:51',	'2021-04-21 06:58:29'),
(79,	16,	2,	1,	30,	57,	'VIEW_ACTIVE_DOC',	'2021-04-21 06:58:29',	'2021-04-16 02:03:51',	'2021-04-21 06:58:29'),
(80,	16,	2,	1,	30,	57,	'VIEW_PENDING_DOC',	'2021-04-21 06:58:29',	'2021-04-16 02:03:51',	'2021-04-21 06:58:29'),
(81,	16,	2,	1,	30,	57,	'VIEW_REJECTED_DOC',	'2021-04-21 06:58:29',	'2021-04-16 02:03:51',	'2021-04-21 06:58:29'),
(82,	16,	2,	1,	30,	57,	'VIEW_ARCHIVE_DOC',	'2021-04-21 06:58:29',	'2021-04-16 02:03:51',	'2021-04-21 06:58:29'),
(83,	16,	2,	1,	30,	57,	'CAPA_STATUS',	'2021-04-21 06:58:29',	'2021-04-16 02:03:51',	'2021-04-21 06:58:29'),
(84,	16,	2,	1,	30,	57,	'ALL',	'2021-04-21 06:58:29',	'2021-04-16 02:03:51',	'2021-04-21 06:58:29'),
(85,	16,	2,	1,	31,	58,	'CREATE_UPDATE_ROLLBACK_DOC',	'2021-04-21 06:59:10',	'2021-04-16 02:04:00',	'2021-04-21 06:59:10'),
(86,	16,	2,	1,	31,	58,	'DEACTIVE_REACTIVE_DOC',	'2021-04-21 06:59:10',	'2021-04-16 02:04:00',	'2021-04-21 06:59:10'),
(87,	16,	2,	1,	31,	58,	'VIEW_ACTIVE_DOC',	'2021-04-21 06:59:10',	'2021-04-16 02:04:00',	'2021-04-21 06:59:10'),
(88,	16,	2,	1,	31,	58,	'VIEW_PENDING_DOC',	'2021-04-21 06:59:10',	'2021-04-16 02:04:00',	'2021-04-21 06:59:10'),
(89,	16,	2,	1,	31,	58,	'VIEW_REJECTED_DOC',	'2021-04-21 06:59:10',	'2021-04-16 02:04:00',	'2021-04-21 06:59:10'),
(90,	16,	2,	1,	31,	58,	'VIEW_ARCHIVE_DOC',	'2021-04-21 06:59:10',	'2021-04-16 02:04:00',	'2021-04-21 06:59:10'),
(91,	16,	2,	1,	31,	58,	'CAPA_STATUS',	'2021-04-21 06:59:10',	'2021-04-16 02:04:00',	'2021-04-21 06:59:10'),
(92,	16,	2,	1,	31,	58,	'ALL',	'2021-04-21 06:59:10',	'2021-04-16 02:04:00',	'2021-04-21 06:59:10'),
(93,	16,	2,	1,	32,	59,	'CREATE_UPDATE_ROLLBACK_DOC',	NULL,	'2021-04-16 02:04:06',	'2021-04-16 02:04:06'),
(94,	16,	2,	1,	32,	59,	'DEACTIVE_REACTIVE_DOC',	NULL,	'2021-04-16 02:04:06',	'2021-04-16 02:04:06'),
(95,	16,	2,	1,	32,	59,	'VIEW_ACTIVE_DOC',	NULL,	'2021-04-16 02:04:06',	'2021-04-16 02:04:06'),
(96,	16,	2,	1,	32,	59,	'VIEW_PENDING_DOC',	NULL,	'2021-04-16 02:04:06',	'2021-04-16 02:04:06'),
(97,	16,	2,	1,	32,	59,	'VIEW_REJECTED_DOC',	NULL,	'2021-04-16 02:04:06',	'2021-04-16 02:04:06'),
(98,	16,	2,	1,	32,	59,	'VIEW_ARCHIVE_DOC',	NULL,	'2021-04-16 02:04:06',	'2021-04-16 02:04:06'),
(99,	16,	2,	1,	32,	59,	'CAPA_STATUS',	NULL,	'2021-04-16 02:04:06',	'2021-04-16 02:04:06'),
(100,	16,	2,	1,	32,	59,	'ALL',	NULL,	'2021-04-16 02:04:06',	'2021-04-16 02:04:06'),
(101,	16,	2,	1,	33,	60,	'CREATE_UPDATE_ROLLBACK_DOC',	NULL,	'2021-04-16 02:04:15',	'2021-04-16 02:04:15'),
(102,	16,	2,	1,	33,	60,	'DEACTIVE_REACTIVE_DOC',	NULL,	'2021-04-16 02:04:15',	'2021-04-16 02:04:15'),
(103,	16,	2,	1,	33,	60,	'VIEW_ACTIVE_DOC',	NULL,	'2021-04-16 02:04:15',	'2021-04-16 02:04:15'),
(104,	16,	2,	1,	33,	60,	'VIEW_PENDING_DOC',	NULL,	'2021-04-16 02:04:15',	'2021-04-16 02:04:15'),
(105,	16,	2,	1,	33,	60,	'VIEW_REJECTED_DOC',	NULL,	'2021-04-16 02:04:15',	'2021-04-16 02:04:15'),
(106,	16,	2,	1,	33,	60,	'VIEW_ARCHIVE_DOC',	NULL,	'2021-04-16 02:04:15',	'2021-04-16 02:04:15'),
(107,	16,	2,	1,	33,	60,	'CAPA_STATUS',	NULL,	'2021-04-16 02:04:15',	'2021-04-16 02:04:15'),
(108,	16,	2,	1,	33,	60,	'ALL',	NULL,	'2021-04-16 02:04:15',	'2021-04-16 02:04:15'),
(109,	16,	2,	1,	34,	61,	'CREATE_UPDATE_ROLLBACK_DOC',	NULL,	'2021-04-16 02:04:21',	'2021-04-16 02:04:21'),
(110,	16,	2,	1,	34,	61,	'DEACTIVE_REACTIVE_DOC',	NULL,	'2021-04-16 02:04:21',	'2021-04-16 02:04:21'),
(111,	16,	2,	1,	34,	61,	'VIEW_ACTIVE_DOC',	NULL,	'2021-04-16 02:04:21',	'2021-04-16 02:04:21'),
(112,	16,	2,	1,	34,	61,	'VIEW_PENDING_DOC',	NULL,	'2021-04-16 02:04:21',	'2021-04-16 02:04:21'),
(113,	16,	2,	1,	34,	61,	'VIEW_REJECTED_DOC',	NULL,	'2021-04-16 02:04:21',	'2021-04-16 02:04:21'),
(114,	16,	2,	1,	34,	61,	'VIEW_ARCHIVE_DOC',	NULL,	'2021-04-16 02:04:21',	'2021-04-16 02:04:21'),
(115,	16,	2,	1,	34,	61,	'CAPA_STATUS',	NULL,	'2021-04-16 02:04:21',	'2021-04-16 02:04:21'),
(116,	16,	2,	1,	34,	61,	'ALL',	NULL,	'2021-04-16 02:04:21',	'2021-04-16 02:04:21'),
(117,	16,	2,	1,	35,	62,	'CREATE_UPDATE_ROLLBACK_DOC',	NULL,	'2021-04-16 02:04:30',	'2021-04-16 02:04:30'),
(118,	16,	2,	1,	35,	62,	'DEACTIVE_REACTIVE_DOC',	NULL,	'2021-04-16 02:04:30',	'2021-04-16 02:04:30'),
(119,	16,	2,	1,	35,	62,	'VIEW_ACTIVE_DOC',	NULL,	'2021-04-16 02:04:30',	'2021-04-16 02:04:30'),
(120,	16,	2,	1,	35,	62,	'VIEW_PENDING_DOC',	NULL,	'2021-04-16 02:04:30',	'2021-04-16 02:04:30'),
(121,	16,	2,	1,	35,	62,	'VIEW_REJECTED_DOC',	NULL,	'2021-04-16 02:04:30',	'2021-04-16 02:04:30'),
(122,	16,	2,	1,	35,	62,	'VIEW_ARCHIVE_DOC',	NULL,	'2021-04-16 02:04:30',	'2021-04-16 02:04:30'),
(123,	16,	2,	1,	35,	62,	'CAPA_STATUS',	NULL,	'2021-04-16 02:04:30',	'2021-04-16 02:04:30'),
(124,	16,	2,	1,	35,	62,	'ALL',	NULL,	'2021-04-16 02:04:30',	'2021-04-16 02:04:30'),
(125,	16,	2,	1,	36,	63,	'CREATE_UPDATE_ROLLBACK_DOC',	NULL,	'2021-04-16 02:04:45',	'2021-04-16 02:04:45'),
(126,	16,	2,	1,	36,	63,	'DEACTIVE_REACTIVE_DOC',	NULL,	'2021-04-16 02:04:45',	'2021-04-16 02:04:45'),
(127,	16,	2,	1,	36,	63,	'VIEW_ACTIVE_DOC',	NULL,	'2021-04-16 02:04:45',	'2021-04-16 02:04:45'),
(128,	16,	2,	1,	36,	63,	'VIEW_PENDING_DOC',	NULL,	'2021-04-16 02:04:45',	'2021-04-16 02:04:45'),
(129,	16,	2,	1,	36,	63,	'VIEW_REJECTED_DOC',	NULL,	'2021-04-16 02:04:45',	'2021-04-16 02:04:45'),
(130,	16,	2,	1,	36,	63,	'VIEW_ARCHIVE_DOC',	NULL,	'2021-04-16 02:04:45',	'2021-04-16 02:04:45'),
(131,	16,	2,	1,	36,	63,	'CAPA_STATUS',	NULL,	'2021-04-16 02:04:45',	'2021-04-16 02:04:45'),
(132,	16,	2,	1,	36,	63,	'ALL',	NULL,	'2021-04-16 02:04:45',	'2021-04-16 02:04:45'),
(133,	16,	2,	1,	37,	64,	'CREATE_UPDATE_ROLLBACK_DOC',	NULL,	'2021-04-16 02:04:53',	'2021-04-16 02:04:53'),
(134,	16,	2,	1,	37,	64,	'DEACTIVE_REACTIVE_DOC',	NULL,	'2021-04-16 02:04:53',	'2021-04-16 02:04:53'),
(135,	16,	2,	1,	37,	64,	'VIEW_ACTIVE_DOC',	NULL,	'2021-04-16 02:04:53',	'2021-04-16 02:04:53'),
(136,	16,	2,	1,	37,	64,	'VIEW_PENDING_DOC',	NULL,	'2021-04-16 02:04:53',	'2021-04-16 02:04:53'),
(137,	16,	2,	1,	37,	64,	'VIEW_REJECTED_DOC',	NULL,	'2021-04-16 02:04:53',	'2021-04-16 02:04:53'),
(138,	16,	2,	1,	37,	64,	'VIEW_ARCHIVE_DOC',	NULL,	'2021-04-16 02:04:53',	'2021-04-16 02:04:53'),
(139,	16,	2,	1,	37,	64,	'CAPA_STATUS',	NULL,	'2021-04-16 02:04:53',	'2021-04-16 02:04:53'),
(140,	16,	2,	1,	37,	64,	'ALL',	NULL,	'2021-04-16 02:04:53',	'2021-04-16 02:04:53'),
(141,	16,	2,	1,	38,	65,	'CREATE_UPDATE_ROLLBACK_DOC',	NULL,	'2021-04-16 02:05:04',	'2021-04-16 02:05:04'),
(142,	16,	2,	1,	38,	65,	'DEACTIVE_REACTIVE_DOC',	NULL,	'2021-04-16 02:05:04',	'2021-04-16 02:05:04'),
(143,	16,	2,	1,	38,	65,	'VIEW_ACTIVE_DOC',	NULL,	'2021-04-16 02:05:04',	'2021-04-16 02:05:04'),
(144,	16,	2,	1,	38,	65,	'VIEW_PENDING_DOC',	NULL,	'2021-04-16 02:05:04',	'2021-04-16 02:05:04'),
(145,	16,	2,	1,	38,	65,	'VIEW_REJECTED_DOC',	NULL,	'2021-04-16 02:05:04',	'2021-04-16 02:05:04'),
(146,	16,	2,	1,	38,	65,	'VIEW_ARCHIVE_DOC',	NULL,	'2021-04-16 02:05:04',	'2021-04-16 02:05:04'),
(147,	16,	2,	1,	38,	65,	'CAPA_STATUS',	NULL,	'2021-04-16 02:05:04',	'2021-04-16 02:05:04'),
(148,	16,	2,	1,	38,	65,	'ALL',	NULL,	'2021-04-16 02:05:04',	'2021-04-16 02:05:04'),
(149,	16,	2,	1,	40,	66,	'CREATE_UPDATE_ROLLBACK_DOC',	NULL,	'2021-04-16 02:05:11',	'2021-04-16 02:05:11'),
(150,	16,	2,	1,	40,	66,	'DEACTIVE_REACTIVE_DOC',	NULL,	'2021-04-16 02:05:11',	'2021-04-16 02:05:11'),
(151,	16,	2,	1,	40,	66,	'VIEW_ACTIVE_DOC',	NULL,	'2021-04-16 02:05:11',	'2021-04-16 02:05:11'),
(152,	16,	2,	1,	40,	66,	'VIEW_PENDING_DOC',	NULL,	'2021-04-16 02:05:11',	'2021-04-16 02:05:11'),
(153,	16,	2,	1,	40,	66,	'VIEW_REJECTED_DOC',	NULL,	'2021-04-16 02:05:11',	'2021-04-16 02:05:11'),
(154,	16,	2,	1,	40,	66,	'VIEW_ARCHIVE_DOC',	NULL,	'2021-04-16 02:05:11',	'2021-04-16 02:05:11'),
(155,	16,	2,	1,	40,	66,	'CAPA_STATUS',	NULL,	'2021-04-16 02:05:11',	'2021-04-16 02:05:11'),
(156,	16,	2,	1,	40,	66,	'ALL',	NULL,	'2021-04-16 02:05:11',	'2021-04-16 02:05:11'),
(157,	16,	2,	1,	41,	67,	'CREATE_UPDATE_ROLLBACK_DOC',	NULL,	'2021-04-16 02:05:16',	'2021-04-16 02:05:16'),
(158,	16,	2,	1,	41,	67,	'DEACTIVE_REACTIVE_DOC',	NULL,	'2021-04-16 02:05:17',	'2021-04-16 02:05:17'),
(159,	16,	2,	1,	41,	67,	'VIEW_ACTIVE_DOC',	NULL,	'2021-04-16 02:05:17',	'2021-04-16 02:05:17'),
(160,	16,	2,	1,	41,	67,	'VIEW_PENDING_DOC',	NULL,	'2021-04-16 02:05:17',	'2021-04-16 02:05:17'),
(161,	16,	2,	1,	41,	67,	'VIEW_REJECTED_DOC',	NULL,	'2021-04-16 02:05:17',	'2021-04-16 02:05:17'),
(162,	16,	2,	1,	41,	67,	'VIEW_ARCHIVE_DOC',	NULL,	'2021-04-16 02:05:17',	'2021-04-16 02:05:17'),
(163,	16,	2,	1,	41,	67,	'CAPA_STATUS',	NULL,	'2021-04-16 02:05:17',	'2021-04-16 02:05:17'),
(164,	16,	2,	1,	41,	67,	'ALL',	NULL,	'2021-04-16 02:05:17',	'2021-04-16 02:05:17'),
(165,	16,	2,	1,	42,	68,	'CREATE_UPDATE_ROLLBACK_DOC',	NULL,	'2021-04-16 02:05:26',	'2021-04-16 02:05:26'),
(166,	16,	2,	1,	42,	68,	'DEACTIVE_REACTIVE_DOC',	NULL,	'2021-04-16 02:05:26',	'2021-04-16 02:05:26'),
(167,	16,	2,	1,	42,	68,	'VIEW_ACTIVE_DOC',	NULL,	'2021-04-16 02:05:26',	'2021-04-16 02:05:26'),
(168,	16,	2,	1,	42,	68,	'VIEW_PENDING_DOC',	NULL,	'2021-04-16 02:05:26',	'2021-04-16 02:05:26'),
(169,	16,	2,	1,	42,	68,	'VIEW_REJECTED_DOC',	NULL,	'2021-04-16 02:05:26',	'2021-04-16 02:05:26'),
(170,	16,	2,	1,	42,	68,	'VIEW_ARCHIVE_DOC',	NULL,	'2021-04-16 02:05:26',	'2021-04-16 02:05:26'),
(171,	16,	2,	1,	42,	68,	'CAPA_STATUS',	NULL,	'2021-04-16 02:05:26',	'2021-04-16 02:05:26'),
(172,	16,	2,	1,	42,	68,	'ALL',	NULL,	'2021-04-16 02:05:26',	'2021-04-16 02:05:26'),
(173,	16,	2,	1,	43,	69,	'CREATE_UPDATE_ROLLBACK_DOC',	NULL,	'2021-04-16 02:05:33',	'2021-04-16 02:05:33'),
(174,	16,	2,	1,	43,	69,	'DEACTIVE_REACTIVE_DOC',	NULL,	'2021-04-16 02:05:33',	'2021-04-16 02:05:33'),
(175,	16,	2,	1,	43,	69,	'VIEW_ACTIVE_DOC',	NULL,	'2021-04-16 02:05:33',	'2021-04-16 02:05:33'),
(176,	16,	2,	1,	43,	69,	'VIEW_PENDING_DOC',	NULL,	'2021-04-16 02:05:33',	'2021-04-16 02:05:33'),
(177,	16,	2,	1,	43,	69,	'VIEW_REJECTED_DOC',	NULL,	'2021-04-16 02:05:33',	'2021-04-16 02:05:33'),
(178,	16,	2,	1,	43,	69,	'VIEW_ARCHIVE_DOC',	NULL,	'2021-04-16 02:05:33',	'2021-04-16 02:05:33'),
(179,	16,	2,	1,	43,	69,	'CAPA_STATUS',	NULL,	'2021-04-16 02:05:33',	'2021-04-16 02:05:33'),
(180,	16,	2,	1,	43,	69,	'ALL',	NULL,	'2021-04-16 02:05:33',	'2021-04-16 02:05:33'),
(181,	16,	2,	1,	44,	70,	'CREATE_UPDATE_ROLLBACK_DOC',	NULL,	'2021-04-16 02:05:38',	'2021-04-16 02:05:38'),
(182,	16,	2,	1,	44,	70,	'DEACTIVE_REACTIVE_DOC',	NULL,	'2021-04-16 02:05:38',	'2021-04-16 02:05:38'),
(183,	16,	2,	1,	44,	70,	'VIEW_ACTIVE_DOC',	NULL,	'2021-04-16 02:05:38',	'2021-04-16 02:05:38'),
(184,	16,	2,	1,	44,	70,	'VIEW_PENDING_DOC',	NULL,	'2021-04-16 02:05:38',	'2021-04-16 02:05:38'),
(185,	16,	2,	1,	44,	70,	'VIEW_REJECTED_DOC',	NULL,	'2021-04-16 02:05:38',	'2021-04-16 02:05:38'),
(186,	16,	2,	1,	44,	70,	'VIEW_ARCHIVE_DOC',	NULL,	'2021-04-16 02:05:38',	'2021-04-16 02:05:38'),
(187,	16,	2,	1,	44,	70,	'CAPA_STATUS',	NULL,	'2021-04-16 02:05:38',	'2021-04-16 02:05:38'),
(188,	16,	2,	1,	44,	70,	'ALL',	NULL,	'2021-04-16 02:05:38',	'2021-04-16 02:05:38'),
(189,	16,	2,	1,	45,	71,	'CREATE_UPDATE_ROLLBACK_DOC',	NULL,	'2021-04-16 02:05:46',	'2021-04-16 02:05:46'),
(190,	16,	2,	1,	45,	71,	'DEACTIVE_REACTIVE_DOC',	NULL,	'2021-04-16 02:05:46',	'2021-04-16 02:05:46'),
(191,	16,	2,	1,	45,	71,	'VIEW_ACTIVE_DOC',	NULL,	'2021-04-16 02:05:46',	'2021-04-16 02:05:46'),
(192,	16,	2,	1,	45,	71,	'VIEW_PENDING_DOC',	NULL,	'2021-04-16 02:05:46',	'2021-04-16 02:05:46'),
(193,	16,	2,	1,	45,	71,	'VIEW_REJECTED_DOC',	NULL,	'2021-04-16 02:05:46',	'2021-04-16 02:05:46'),
(194,	16,	2,	1,	45,	71,	'VIEW_ARCHIVE_DOC',	NULL,	'2021-04-16 02:05:46',	'2021-04-16 02:05:46'),
(195,	16,	2,	1,	45,	71,	'CAPA_STATUS',	NULL,	'2021-04-16 02:05:46',	'2021-04-16 02:05:46'),
(196,	16,	2,	1,	45,	71,	'ALL',	NULL,	'2021-04-16 02:05:46',	'2021-04-16 02:05:46'),
(197,	16,	2,	1,	46,	72,	'CREATE_UPDATE_ROLLBACK_DOC',	NULL,	'2021-04-16 02:05:53',	'2021-04-16 02:05:53'),
(198,	16,	2,	1,	46,	72,	'DEACTIVE_REACTIVE_DOC',	NULL,	'2021-04-16 02:05:53',	'2021-04-16 02:05:53'),
(199,	16,	2,	1,	46,	72,	'VIEW_ACTIVE_DOC',	NULL,	'2021-04-16 02:05:53',	'2021-04-16 02:05:53'),
(200,	16,	2,	1,	46,	72,	'VIEW_PENDING_DOC',	NULL,	'2021-04-16 02:05:53',	'2021-04-16 02:05:53'),
(201,	16,	2,	1,	46,	72,	'VIEW_REJECTED_DOC',	NULL,	'2021-04-16 02:05:53',	'2021-04-16 02:05:53'),
(202,	16,	2,	1,	46,	72,	'VIEW_ARCHIVE_DOC',	NULL,	'2021-04-16 02:05:53',	'2021-04-16 02:05:53'),
(203,	16,	2,	1,	46,	72,	'CAPA_STATUS',	NULL,	'2021-04-16 02:05:53',	'2021-04-16 02:05:53'),
(204,	16,	2,	1,	46,	72,	'ALL',	NULL,	'2021-04-16 02:05:53',	'2021-04-16 02:05:53'),
(205,	16,	2,	1,	47,	73,	'CREATE_UPDATE_ROLLBACK_DOC',	NULL,	'2021-04-16 02:06:00',	'2021-04-16 02:06:00'),
(206,	16,	2,	1,	47,	73,	'DEACTIVE_REACTIVE_DOC',	NULL,	'2021-04-16 02:06:00',	'2021-04-16 02:06:00'),
(207,	16,	2,	1,	47,	73,	'VIEW_ACTIVE_DOC',	NULL,	'2021-04-16 02:06:00',	'2021-04-16 02:06:00'),
(208,	16,	2,	1,	47,	73,	'VIEW_PENDING_DOC',	NULL,	'2021-04-16 02:06:00',	'2021-04-16 02:06:00'),
(209,	16,	2,	1,	47,	73,	'VIEW_REJECTED_DOC',	NULL,	'2021-04-16 02:06:00',	'2021-04-16 02:06:00'),
(210,	16,	2,	1,	47,	73,	'VIEW_ARCHIVE_DOC',	NULL,	'2021-04-16 02:06:00',	'2021-04-16 02:06:00'),
(211,	16,	2,	1,	47,	73,	'CAPA_STATUS',	NULL,	'2021-04-16 02:06:00',	'2021-04-16 02:06:00'),
(212,	16,	2,	1,	47,	73,	'ALL',	NULL,	'2021-04-16 02:06:00',	'2021-04-16 02:06:00'),
(213,	16,	2,	1,	48,	74,	'CREATE_UPDATE_ROLLBACK_DOC',	NULL,	'2021-04-16 02:06:05',	'2021-04-16 02:06:05'),
(214,	16,	2,	1,	48,	74,	'DEACTIVE_REACTIVE_DOC',	NULL,	'2021-04-16 02:06:05',	'2021-04-16 02:06:05'),
(215,	16,	2,	1,	48,	74,	'VIEW_ACTIVE_DOC',	NULL,	'2021-04-16 02:06:05',	'2021-04-16 02:06:05'),
(216,	16,	2,	1,	48,	74,	'VIEW_PENDING_DOC',	NULL,	'2021-04-16 02:06:05',	'2021-04-16 02:06:05'),
(217,	16,	2,	1,	48,	74,	'VIEW_REJECTED_DOC',	NULL,	'2021-04-16 02:06:05',	'2021-04-16 02:06:05'),
(218,	16,	2,	1,	48,	74,	'VIEW_ARCHIVE_DOC',	NULL,	'2021-04-16 02:06:05',	'2021-04-16 02:06:05'),
(219,	16,	2,	1,	48,	74,	'CAPA_STATUS',	NULL,	'2021-04-16 02:06:05',	'2021-04-16 02:06:05'),
(220,	16,	2,	1,	48,	74,	'ALL',	NULL,	'2021-04-16 02:06:05',	'2021-04-16 02:06:05'),
(221,	16,	2,	1,	49,	75,	'CREATE_UPDATE_ROLLBACK_DOC',	NULL,	'2021-04-16 02:06:14',	'2021-04-16 02:06:14'),
(222,	16,	2,	1,	49,	75,	'DEACTIVE_REACTIVE_DOC',	NULL,	'2021-04-16 02:06:14',	'2021-04-16 02:06:14'),
(223,	16,	2,	1,	49,	75,	'VIEW_ACTIVE_DOC',	NULL,	'2021-04-16 02:06:14',	'2021-04-16 02:06:14'),
(224,	16,	2,	1,	49,	75,	'VIEW_PENDING_DOC',	NULL,	'2021-04-16 02:06:14',	'2021-04-16 02:06:14'),
(225,	16,	2,	1,	49,	75,	'VIEW_REJECTED_DOC',	NULL,	'2021-04-16 02:06:14',	'2021-04-16 02:06:14'),
(226,	16,	2,	1,	49,	75,	'VIEW_ARCHIVE_DOC',	NULL,	'2021-04-16 02:06:14',	'2021-04-16 02:06:14'),
(227,	16,	2,	1,	49,	75,	'CAPA_STATUS',	NULL,	'2021-04-16 02:06:14',	'2021-04-16 02:06:14'),
(228,	16,	2,	1,	49,	75,	'ALL',	NULL,	'2021-04-16 02:06:14',	'2021-04-16 02:06:14'),
(229,	16,	2,	1,	50,	76,	'CREATE_UPDATE_ROLLBACK_DOC',	NULL,	'2021-04-16 02:06:19',	'2021-04-16 02:06:19'),
(230,	16,	2,	1,	50,	76,	'DEACTIVE_REACTIVE_DOC',	NULL,	'2021-04-16 02:06:19',	'2021-04-16 02:06:19'),
(231,	16,	2,	1,	50,	76,	'VIEW_ACTIVE_DOC',	NULL,	'2021-04-16 02:06:19',	'2021-04-16 02:06:19'),
(232,	16,	2,	1,	50,	76,	'VIEW_PENDING_DOC',	NULL,	'2021-04-16 02:06:19',	'2021-04-16 02:06:19'),
(233,	16,	2,	1,	50,	76,	'VIEW_REJECTED_DOC',	NULL,	'2021-04-16 02:06:19',	'2021-04-16 02:06:19'),
(234,	16,	2,	1,	50,	76,	'VIEW_ARCHIVE_DOC',	NULL,	'2021-04-16 02:06:19',	'2021-04-16 02:06:19'),
(235,	16,	2,	1,	50,	76,	'CAPA_STATUS',	NULL,	'2021-04-16 02:06:19',	'2021-04-16 02:06:19'),
(236,	16,	2,	1,	50,	76,	'ALL',	NULL,	'2021-04-16 02:06:19',	'2021-04-16 02:06:19'),
(237,	16,	2,	1,	51,	77,	'CREATE_UPDATE_ROLLBACK_DOC',	NULL,	'2021-04-16 02:06:25',	'2021-04-16 02:06:25'),
(238,	16,	2,	1,	51,	77,	'DEACTIVE_REACTIVE_DOC',	NULL,	'2021-04-16 02:06:25',	'2021-04-16 02:06:25'),
(239,	16,	2,	1,	51,	77,	'VIEW_ACTIVE_DOC',	NULL,	'2021-04-16 02:06:25',	'2021-04-16 02:06:25'),
(240,	16,	2,	1,	51,	77,	'VIEW_PENDING_DOC',	NULL,	'2021-04-16 02:06:25',	'2021-04-16 02:06:25'),
(241,	16,	2,	1,	51,	77,	'VIEW_REJECTED_DOC',	NULL,	'2021-04-16 02:06:25',	'2021-04-16 02:06:25'),
(242,	16,	2,	1,	51,	77,	'VIEW_ARCHIVE_DOC',	NULL,	'2021-04-16 02:06:25',	'2021-04-16 02:06:25'),
(243,	16,	2,	1,	51,	77,	'CAPA_STATUS',	NULL,	'2021-04-16 02:06:25',	'2021-04-16 02:06:25'),
(244,	16,	2,	1,	51,	77,	'ALL',	NULL,	'2021-04-16 02:06:25',	'2021-04-16 02:06:25'),
(245,	16,	2,	1,	52,	78,	'CREATE_UPDATE_ROLLBACK_DOC',	NULL,	'2021-04-16 02:06:32',	'2021-04-16 02:06:32'),
(246,	16,	2,	1,	52,	78,	'DEACTIVE_REACTIVE_DOC',	NULL,	'2021-04-16 02:06:32',	'2021-04-16 02:06:32'),
(247,	16,	2,	1,	52,	78,	'VIEW_ACTIVE_DOC',	NULL,	'2021-04-16 02:06:32',	'2021-04-16 02:06:32'),
(248,	16,	2,	1,	52,	78,	'VIEW_PENDING_DOC',	NULL,	'2021-04-16 02:06:32',	'2021-04-16 02:06:32'),
(249,	16,	2,	1,	52,	78,	'VIEW_REJECTED_DOC',	NULL,	'2021-04-16 02:06:32',	'2021-04-16 02:06:32'),
(250,	16,	2,	1,	52,	78,	'VIEW_ARCHIVE_DOC',	NULL,	'2021-04-16 02:06:32',	'2021-04-16 02:06:32'),
(251,	16,	2,	1,	52,	78,	'CAPA_STATUS',	NULL,	'2021-04-16 02:06:32',	'2021-04-16 02:06:32'),
(252,	16,	2,	1,	52,	78,	'ALL',	NULL,	'2021-04-16 02:06:32',	'2021-04-16 02:06:32'),
(253,	16,	2,	1,	53,	79,	'CREATE_UPDATE_ROLLBACK_DOC',	NULL,	'2021-04-16 02:06:39',	'2021-04-16 02:06:39'),
(254,	16,	2,	1,	53,	79,	'DEACTIVE_REACTIVE_DOC',	NULL,	'2021-04-16 02:06:39',	'2021-04-16 02:06:39'),
(255,	16,	2,	1,	53,	79,	'VIEW_ACTIVE_DOC',	NULL,	'2021-04-16 02:06:39',	'2021-04-16 02:06:39'),
(256,	16,	2,	1,	53,	79,	'VIEW_PENDING_DOC',	NULL,	'2021-04-16 02:06:39',	'2021-04-16 02:06:39'),
(257,	16,	2,	1,	53,	79,	'VIEW_REJECTED_DOC',	NULL,	'2021-04-16 02:06:39',	'2021-04-16 02:06:39'),
(258,	16,	2,	1,	53,	79,	'VIEW_ARCHIVE_DOC',	NULL,	'2021-04-16 02:06:39',	'2021-04-16 02:06:39'),
(259,	16,	2,	1,	53,	79,	'CAPA_STATUS',	NULL,	'2021-04-16 02:06:39',	'2021-04-16 02:06:39'),
(260,	16,	2,	1,	53,	79,	'ALL',	NULL,	'2021-04-16 02:06:39',	'2021-04-16 02:06:39'),
(261,	16,	2,	1,	53,	80,	'CREATE_UPDATE_ROLLBACK_DOC',	NULL,	'2021-04-16 02:06:46',	'2021-04-16 02:06:46'),
(262,	16,	2,	1,	53,	80,	'DEACTIVE_REACTIVE_DOC',	NULL,	'2021-04-16 02:06:46',	'2021-04-16 02:06:46'),
(263,	16,	2,	1,	53,	80,	'VIEW_ACTIVE_DOC',	NULL,	'2021-04-16 02:06:46',	'2021-04-16 02:06:46'),
(264,	16,	2,	1,	53,	80,	'VIEW_PENDING_DOC',	NULL,	'2021-04-16 02:06:46',	'2021-04-16 02:06:46'),
(265,	16,	2,	1,	53,	80,	'VIEW_REJECTED_DOC',	NULL,	'2021-04-16 02:06:46',	'2021-04-16 02:06:46'),
(266,	16,	2,	1,	53,	80,	'VIEW_ARCHIVE_DOC',	NULL,	'2021-04-16 02:06:46',	'2021-04-16 02:06:46'),
(267,	16,	2,	1,	53,	80,	'CAPA_STATUS',	NULL,	'2021-04-16 02:06:46',	'2021-04-16 02:06:46'),
(268,	16,	2,	1,	53,	80,	'ALL',	NULL,	'2021-04-16 02:06:46',	'2021-04-16 02:06:46'),
(269,	16,	2,	1,	54,	81,	'CREATE_UPDATE_ROLLBACK_DOC',	NULL,	'2021-04-16 02:06:51',	'2021-04-16 02:06:51'),
(270,	16,	2,	1,	54,	81,	'DEACTIVE_REACTIVE_DOC',	NULL,	'2021-04-16 02:06:51',	'2021-04-16 02:06:51'),
(271,	16,	2,	1,	54,	81,	'VIEW_ACTIVE_DOC',	NULL,	'2021-04-16 02:06:51',	'2021-04-16 02:06:51'),
(272,	16,	2,	1,	54,	81,	'VIEW_PENDING_DOC',	NULL,	'2021-04-16 02:06:51',	'2021-04-16 02:06:51'),
(273,	16,	2,	1,	54,	81,	'VIEW_REJECTED_DOC',	NULL,	'2021-04-16 02:06:51',	'2021-04-16 02:06:51'),
(274,	16,	2,	1,	54,	81,	'VIEW_ARCHIVE_DOC',	NULL,	'2021-04-16 02:06:51',	'2021-04-16 02:06:51'),
(275,	16,	2,	1,	54,	81,	'CAPA_STATUS',	NULL,	'2021-04-16 02:06:51',	'2021-04-16 02:06:51'),
(276,	16,	2,	1,	54,	81,	'ALL',	NULL,	'2021-04-16 02:06:51',	'2021-04-16 02:06:51'),
(277,	16,	2,	1,	54,	82,	'CREATE_UPDATE_ROLLBACK_DOC',	NULL,	'2021-04-16 02:06:59',	'2021-04-16 02:06:59'),
(278,	16,	2,	1,	54,	82,	'DEACTIVE_REACTIVE_DOC',	NULL,	'2021-04-16 02:06:59',	'2021-04-16 02:06:59'),
(279,	16,	2,	1,	54,	82,	'VIEW_ACTIVE_DOC',	NULL,	'2021-04-16 02:06:59',	'2021-04-16 02:06:59'),
(280,	16,	2,	1,	54,	82,	'VIEW_PENDING_DOC',	NULL,	'2021-04-16 02:06:59',	'2021-04-16 02:06:59'),
(281,	16,	2,	1,	54,	82,	'VIEW_REJECTED_DOC',	NULL,	'2021-04-16 02:06:59',	'2021-04-16 02:06:59'),
(282,	16,	2,	1,	54,	82,	'VIEW_ARCHIVE_DOC',	NULL,	'2021-04-16 02:06:59',	'2021-04-16 02:06:59'),
(283,	16,	2,	1,	54,	82,	'CAPA_STATUS',	NULL,	'2021-04-16 02:06:59',	'2021-04-16 02:06:59'),
(284,	16,	2,	1,	54,	82,	'ALL',	NULL,	'2021-04-16 02:06:59',	'2021-04-16 02:06:59'),
(285,	16,	2,	1,	55,	83,	'CREATE_UPDATE_ROLLBACK_DOC',	NULL,	'2021-04-16 02:07:07',	'2021-04-16 02:07:07'),
(286,	16,	2,	1,	55,	83,	'DEACTIVE_REACTIVE_DOC',	NULL,	'2021-04-16 02:07:07',	'2021-04-16 02:07:07'),
(287,	16,	2,	1,	55,	83,	'VIEW_ACTIVE_DOC',	NULL,	'2021-04-16 02:07:07',	'2021-04-16 02:07:07'),
(288,	16,	2,	1,	55,	83,	'VIEW_PENDING_DOC',	NULL,	'2021-04-16 02:07:07',	'2021-04-16 02:07:07'),
(289,	16,	2,	1,	55,	83,	'VIEW_REJECTED_DOC',	NULL,	'2021-04-16 02:07:07',	'2021-04-16 02:07:07'),
(290,	16,	2,	1,	55,	83,	'VIEW_ARCHIVE_DOC',	NULL,	'2021-04-16 02:07:07',	'2021-04-16 02:07:07'),
(291,	16,	2,	1,	55,	83,	'CAPA_STATUS',	NULL,	'2021-04-16 02:07:07',	'2021-04-16 02:07:07'),
(292,	16,	2,	1,	55,	83,	'ALL',	NULL,	'2021-04-16 02:07:07',	'2021-04-16 02:07:07'),
(293,	16,	2,	1,	56,	84,	'CREATE_UPDATE_ROLLBACK_DOC',	NULL,	'2021-04-16 02:07:15',	'2021-04-16 02:07:15'),
(294,	16,	2,	1,	56,	84,	'DEACTIVE_REACTIVE_DOC',	NULL,	'2021-04-16 02:07:15',	'2021-04-16 02:07:15'),
(295,	16,	2,	1,	56,	84,	'VIEW_ACTIVE_DOC',	NULL,	'2021-04-16 02:07:15',	'2021-04-16 02:07:15'),
(296,	16,	2,	1,	56,	84,	'VIEW_PENDING_DOC',	NULL,	'2021-04-16 02:07:15',	'2021-04-16 02:07:15'),
(297,	16,	2,	1,	56,	84,	'VIEW_REJECTED_DOC',	NULL,	'2021-04-16 02:07:15',	'2021-04-16 02:07:15'),
(298,	16,	2,	1,	56,	84,	'VIEW_ARCHIVE_DOC',	NULL,	'2021-04-16 02:07:15',	'2021-04-16 02:07:15'),
(299,	16,	2,	1,	56,	84,	'CAPA_STATUS',	NULL,	'2021-04-16 02:07:15',	'2021-04-16 02:07:15'),
(300,	16,	2,	1,	56,	84,	'ALL',	NULL,	'2021-04-16 02:07:15',	'2021-04-16 02:07:15'),
(301,	16,	2,	1,	57,	85,	'CREATE_UPDATE_ROLLBACK_DOC',	NULL,	'2021-04-16 02:07:22',	'2021-04-16 02:07:22'),
(302,	16,	2,	1,	57,	85,	'DEACTIVE_REACTIVE_DOC',	NULL,	'2021-04-16 02:07:22',	'2021-04-16 02:07:22'),
(303,	16,	2,	1,	57,	85,	'VIEW_ACTIVE_DOC',	NULL,	'2021-04-16 02:07:22',	'2021-04-16 02:07:22'),
(304,	16,	2,	1,	57,	85,	'VIEW_PENDING_DOC',	NULL,	'2021-04-16 02:07:22',	'2021-04-16 02:07:22'),
(305,	16,	2,	1,	57,	85,	'VIEW_REJECTED_DOC',	NULL,	'2021-04-16 02:07:22',	'2021-04-16 02:07:22'),
(306,	16,	2,	1,	57,	85,	'VIEW_ARCHIVE_DOC',	NULL,	'2021-04-16 02:07:22',	'2021-04-16 02:07:22'),
(307,	16,	2,	1,	57,	85,	'CAPA_STATUS',	NULL,	'2021-04-16 02:07:22',	'2021-04-16 02:07:22'),
(308,	16,	2,	1,	57,	85,	'ALL',	NULL,	'2021-04-16 02:07:22',	'2021-04-16 02:07:22'),
(309,	16,	2,	1,	57,	86,	'CREATE_UPDATE_ROLLBACK_DOC',	NULL,	'2021-04-16 02:07:33',	'2021-04-16 02:07:33'),
(310,	16,	2,	1,	57,	86,	'DEACTIVE_REACTIVE_DOC',	NULL,	'2021-04-16 02:07:33',	'2021-04-16 02:07:33'),
(311,	16,	2,	1,	57,	86,	'VIEW_ACTIVE_DOC',	NULL,	'2021-04-16 02:07:33',	'2021-04-16 02:07:33'),
(312,	16,	2,	1,	57,	86,	'VIEW_PENDING_DOC',	NULL,	'2021-04-16 02:07:33',	'2021-04-16 02:07:33'),
(313,	16,	2,	1,	57,	86,	'VIEW_REJECTED_DOC',	NULL,	'2021-04-16 02:07:33',	'2021-04-16 02:07:33'),
(314,	16,	2,	1,	57,	86,	'VIEW_ARCHIVE_DOC',	NULL,	'2021-04-16 02:07:33',	'2021-04-16 02:07:33'),
(315,	16,	2,	1,	57,	86,	'CAPA_STATUS',	NULL,	'2021-04-16 02:07:33',	'2021-04-16 02:07:33'),
(316,	16,	2,	1,	57,	86,	'ALL',	NULL,	'2021-04-16 02:07:33',	'2021-04-16 02:07:33'),
(317,	21,	1,	1,	1,	1,	'CREATE_UPDATE_ROLLBACK_DOC',	'2021-04-20 05:04:19',	'2021-04-16 02:08:32',	'2021-04-20 05:04:19'),
(318,	21,	1,	1,	1,	1,	'DEACTIVE_REACTIVE_DOC',	NULL,	'2021-04-16 02:08:32',	'2021-04-16 02:08:32'),
(319,	21,	1,	1,	1,	1,	'VIEW_ACTIVE_DOC',	NULL,	'2021-04-16 02:08:32',	'2021-04-16 02:08:32'),
(320,	21,	1,	1,	1,	1,	'VIEW_PENDING_DOC',	NULL,	'2021-04-16 02:08:32',	'2021-04-16 02:08:32'),
(321,	21,	1,	1,	1,	1,	'VIEW_REJECTED_DOC',	NULL,	'2021-04-16 02:08:32',	'2021-04-16 02:08:32'),
(322,	21,	1,	1,	1,	1,	'VIEW_ARCHIVE_DOC',	NULL,	'2021-04-16 02:08:32',	'2021-04-16 02:08:32'),
(323,	21,	1,	1,	1,	1,	'CAPA_STATUS',	NULL,	'2021-04-16 02:08:32',	'2021-04-16 02:08:32'),
(324,	21,	1,	1,	1,	1,	'ALL',	NULL,	'2021-04-16 02:08:32',	'2021-04-16 02:08:32'),
(325,	21,	1,	1,	1,	2,	'CREATE_UPDATE_ROLLBACK_DOC',	'2021-04-20 03:59:08',	'2021-04-16 02:08:39',	'2021-04-20 03:59:08'),
(326,	21,	1,	1,	1,	2,	'DEACTIVE_REACTIVE_DOC',	NULL,	'2021-04-16 02:08:39',	'2021-04-16 02:08:39'),
(327,	21,	1,	1,	1,	2,	'VIEW_ACTIVE_DOC',	NULL,	'2021-04-16 02:08:39',	'2021-04-16 02:08:39'),
(328,	21,	1,	1,	1,	2,	'VIEW_PENDING_DOC',	NULL,	'2021-04-16 02:08:39',	'2021-04-16 02:08:39'),
(329,	21,	1,	1,	1,	2,	'VIEW_REJECTED_DOC',	NULL,	'2021-04-16 02:08:39',	'2021-04-16 02:08:39'),
(330,	21,	1,	1,	1,	2,	'VIEW_ARCHIVE_DOC',	NULL,	'2021-04-16 02:08:39',	'2021-04-16 02:08:39'),
(331,	21,	1,	1,	1,	2,	'CAPA_STATUS',	NULL,	'2021-04-16 02:08:39',	'2021-04-16 02:08:39'),
(332,	21,	1,	1,	1,	2,	'ALL',	NULL,	'2021-04-16 02:08:39',	'2021-04-16 02:08:39'),
(333,	21,	1,	1,	2,	3,	'CREATE_UPDATE_ROLLBACK_DOC',	NULL,	'2021-04-16 02:08:48',	'2021-04-16 02:08:48'),
(334,	21,	1,	1,	2,	3,	'DEACTIVE_REACTIVE_DOC',	NULL,	'2021-04-16 02:08:48',	'2021-04-16 02:08:48'),
(335,	21,	1,	1,	2,	3,	'VIEW_ACTIVE_DOC',	NULL,	'2021-04-16 02:08:48',	'2021-04-16 02:08:48'),
(336,	21,	1,	1,	2,	3,	'VIEW_PENDING_DOC',	NULL,	'2021-04-16 02:08:48',	'2021-04-16 02:08:48'),
(337,	21,	1,	1,	2,	3,	'VIEW_REJECTED_DOC',	NULL,	'2021-04-16 02:08:48',	'2021-04-16 02:08:48'),
(338,	21,	1,	1,	2,	3,	'VIEW_ARCHIVE_DOC',	NULL,	'2021-04-16 02:08:48',	'2021-04-16 02:08:48'),
(339,	21,	1,	1,	2,	3,	'CAPA_STATUS',	NULL,	'2021-04-16 02:08:48',	'2021-04-16 02:08:48'),
(340,	21,	1,	1,	2,	3,	'ALL',	NULL,	'2021-04-16 02:08:48',	'2021-04-16 02:08:48'),
(341,	21,	1,	1,	2,	4,	'CREATE_UPDATE_ROLLBACK_DOC',	NULL,	'2021-04-16 02:08:53',	'2021-04-16 02:08:53'),
(342,	21,	1,	1,	2,	4,	'DEACTIVE_REACTIVE_DOC',	NULL,	'2021-04-16 02:08:53',	'2021-04-16 02:08:53'),
(343,	21,	1,	1,	2,	4,	'VIEW_ACTIVE_DOC',	NULL,	'2021-04-16 02:08:53',	'2021-04-16 02:08:53'),
(344,	21,	1,	1,	2,	4,	'VIEW_PENDING_DOC',	NULL,	'2021-04-16 02:08:53',	'2021-04-16 02:08:53'),
(345,	21,	1,	1,	2,	4,	'VIEW_REJECTED_DOC',	NULL,	'2021-04-16 02:08:53',	'2021-04-16 02:08:53'),
(346,	21,	1,	1,	2,	4,	'VIEW_ARCHIVE_DOC',	NULL,	'2021-04-16 02:08:53',	'2021-04-16 02:08:53'),
(347,	21,	1,	1,	2,	4,	'CAPA_STATUS',	NULL,	'2021-04-16 02:08:53',	'2021-04-16 02:08:53'),
(348,	21,	1,	1,	2,	4,	'ALL',	NULL,	'2021-04-16 02:08:53',	'2021-04-16 02:08:53'),
(349,	21,	1,	1,	3,	5,	'CREATE_UPDATE_ROLLBACK_DOC',	NULL,	'2021-04-16 02:09:01',	'2021-04-16 02:09:01'),
(350,	21,	1,	1,	3,	5,	'DEACTIVE_REACTIVE_DOC',	NULL,	'2021-04-16 02:09:01',	'2021-04-16 02:09:01'),
(351,	21,	1,	1,	3,	5,	'VIEW_ACTIVE_DOC',	NULL,	'2021-04-16 02:09:01',	'2021-04-16 02:09:01'),
(352,	21,	1,	1,	3,	5,	'VIEW_PENDING_DOC',	NULL,	'2021-04-16 02:09:01',	'2021-04-16 02:09:01'),
(353,	21,	1,	1,	3,	5,	'VIEW_REJECTED_DOC',	NULL,	'2021-04-16 02:09:01',	'2021-04-16 02:09:01'),
(354,	21,	1,	1,	3,	5,	'VIEW_ARCHIVE_DOC',	NULL,	'2021-04-16 02:09:01',	'2021-04-16 02:09:01'),
(355,	21,	1,	1,	3,	5,	'CAPA_STATUS',	NULL,	'2021-04-16 02:09:01',	'2021-04-16 02:09:01'),
(356,	21,	1,	1,	3,	5,	'ALL',	NULL,	'2021-04-16 02:09:01',	'2021-04-16 02:09:01'),
(357,	21,	1,	1,	3,	6,	'CREATE_UPDATE_ROLLBACK_DOC',	NULL,	'2021-04-16 02:09:07',	'2021-04-16 02:09:07'),
(358,	21,	1,	1,	3,	6,	'DEACTIVE_REACTIVE_DOC',	NULL,	'2021-04-16 02:09:07',	'2021-04-16 02:09:07'),
(359,	21,	1,	1,	3,	6,	'VIEW_ACTIVE_DOC',	NULL,	'2021-04-16 02:09:07',	'2021-04-16 02:09:07'),
(360,	21,	1,	1,	3,	6,	'VIEW_PENDING_DOC',	NULL,	'2021-04-16 02:09:07',	'2021-04-16 02:09:07'),
(361,	21,	1,	1,	3,	6,	'VIEW_REJECTED_DOC',	NULL,	'2021-04-16 02:09:07',	'2021-04-16 02:09:07'),
(362,	21,	1,	1,	3,	6,	'VIEW_ARCHIVE_DOC',	NULL,	'2021-04-16 02:09:07',	'2021-04-16 02:09:07'),
(363,	21,	1,	1,	3,	6,	'CAPA_STATUS',	NULL,	'2021-04-16 02:09:07',	'2021-04-16 02:09:07'),
(364,	21,	1,	1,	3,	6,	'ALL',	NULL,	'2021-04-16 02:09:07',	'2021-04-16 02:09:07'),
(365,	21,	1,	1,	3,	7,	'CREATE_UPDATE_ROLLBACK_DOC',	NULL,	'2021-04-16 02:09:12',	'2021-04-16 02:09:12'),
(366,	21,	1,	1,	3,	7,	'DEACTIVE_REACTIVE_DOC',	NULL,	'2021-04-16 02:09:12',	'2021-04-16 02:09:12'),
(367,	21,	1,	1,	3,	7,	'VIEW_ACTIVE_DOC',	NULL,	'2021-04-16 02:09:12',	'2021-04-16 02:09:12'),
(368,	21,	1,	1,	3,	7,	'VIEW_PENDING_DOC',	NULL,	'2021-04-16 02:09:12',	'2021-04-16 02:09:12'),
(369,	21,	1,	1,	3,	7,	'VIEW_REJECTED_DOC',	NULL,	'2021-04-16 02:09:12',	'2021-04-16 02:09:12'),
(370,	21,	1,	1,	3,	7,	'VIEW_ARCHIVE_DOC',	NULL,	'2021-04-16 02:09:12',	'2021-04-16 02:09:12'),
(371,	21,	1,	1,	3,	7,	'CAPA_STATUS',	NULL,	'2021-04-16 02:09:12',	'2021-04-16 02:09:12'),
(372,	21,	1,	1,	3,	7,	'ALL',	NULL,	'2021-04-16 02:09:12',	'2021-04-16 02:09:12'),
(373,	21,	1,	1,	4,	8,	'CREATE_UPDATE_ROLLBACK_DOC',	NULL,	'2021-04-16 02:09:17',	'2021-04-16 02:09:17'),
(374,	21,	1,	1,	4,	8,	'DEACTIVE_REACTIVE_DOC',	NULL,	'2021-04-16 02:09:17',	'2021-04-16 02:09:17'),
(375,	21,	1,	1,	4,	8,	'VIEW_ACTIVE_DOC',	NULL,	'2021-04-16 02:09:17',	'2021-04-16 02:09:17'),
(376,	21,	1,	1,	4,	8,	'VIEW_PENDING_DOC',	NULL,	'2021-04-16 02:09:17',	'2021-04-16 02:09:17'),
(377,	21,	1,	1,	4,	8,	'VIEW_REJECTED_DOC',	NULL,	'2021-04-16 02:09:17',	'2021-04-16 02:09:17'),
(378,	21,	1,	1,	4,	8,	'VIEW_ARCHIVE_DOC',	NULL,	'2021-04-16 02:09:17',	'2021-04-16 02:09:17'),
(379,	21,	1,	1,	4,	8,	'CAPA_STATUS',	NULL,	'2021-04-16 02:09:17',	'2021-04-16 02:09:17'),
(380,	21,	1,	1,	4,	8,	'ALL',	NULL,	'2021-04-16 02:09:17',	'2021-04-16 02:09:17'),
(381,	21,	1,	1,	4,	9,	'CREATE_UPDATE_ROLLBACK_DOC',	NULL,	'2021-04-16 02:09:23',	'2021-04-16 02:09:23'),
(382,	21,	1,	1,	4,	9,	'DEACTIVE_REACTIVE_DOC',	NULL,	'2021-04-16 02:09:23',	'2021-04-16 02:09:23'),
(383,	21,	1,	1,	4,	9,	'VIEW_ACTIVE_DOC',	NULL,	'2021-04-16 02:09:23',	'2021-04-16 02:09:23'),
(384,	21,	1,	1,	4,	9,	'VIEW_PENDING_DOC',	NULL,	'2021-04-16 02:09:23',	'2021-04-16 02:09:23'),
(385,	21,	1,	1,	4,	9,	'VIEW_REJECTED_DOC',	NULL,	'2021-04-16 02:09:23',	'2021-04-16 02:09:23'),
(386,	21,	1,	1,	4,	9,	'VIEW_ARCHIVE_DOC',	NULL,	'2021-04-16 02:09:23',	'2021-04-16 02:09:23'),
(387,	21,	1,	1,	4,	9,	'CAPA_STATUS',	NULL,	'2021-04-16 02:09:23',	'2021-04-16 02:09:23'),
(388,	21,	1,	1,	4,	9,	'ALL',	NULL,	'2021-04-16 02:09:23',	'2021-04-16 02:09:23'),
(389,	21,	1,	1,	4,	10,	'CREATE_UPDATE_ROLLBACK_DOC',	NULL,	'2021-04-16 02:09:31',	'2021-04-16 02:09:31'),
(390,	21,	1,	1,	4,	10,	'DEACTIVE_REACTIVE_DOC',	NULL,	'2021-04-16 02:09:31',	'2021-04-16 02:09:31'),
(391,	21,	1,	1,	4,	10,	'VIEW_ACTIVE_DOC',	NULL,	'2021-04-16 02:09:31',	'2021-04-16 02:09:31'),
(392,	21,	1,	1,	4,	10,	'VIEW_PENDING_DOC',	NULL,	'2021-04-16 02:09:31',	'2021-04-16 02:09:31'),
(393,	21,	1,	1,	4,	10,	'VIEW_REJECTED_DOC',	NULL,	'2021-04-16 02:09:31',	'2021-04-16 02:09:31'),
(394,	21,	1,	1,	4,	10,	'VIEW_ARCHIVE_DOC',	NULL,	'2021-04-16 02:09:31',	'2021-04-16 02:09:31'),
(395,	21,	1,	1,	4,	10,	'CAPA_STATUS',	NULL,	'2021-04-16 02:09:31',	'2021-04-16 02:09:31'),
(396,	21,	1,	1,	4,	10,	'ALL',	NULL,	'2021-04-16 02:09:31',	'2021-04-16 02:09:31'),
(397,	21,	1,	1,	4,	11,	'CREATE_UPDATE_ROLLBACK_DOC',	NULL,	'2021-04-16 02:09:36',	'2021-04-16 02:09:36'),
(398,	21,	1,	1,	4,	11,	'DEACTIVE_REACTIVE_DOC',	NULL,	'2021-04-16 02:09:36',	'2021-04-16 02:09:36'),
(399,	21,	1,	1,	4,	11,	'VIEW_ACTIVE_DOC',	NULL,	'2021-04-16 02:09:36',	'2021-04-16 02:09:36'),
(400,	21,	1,	1,	4,	11,	'VIEW_PENDING_DOC',	NULL,	'2021-04-16 02:09:36',	'2021-04-16 02:09:36'),
(401,	21,	1,	1,	4,	11,	'VIEW_REJECTED_DOC',	NULL,	'2021-04-16 02:09:36',	'2021-04-16 02:09:36'),
(402,	21,	1,	1,	4,	11,	'VIEW_ARCHIVE_DOC',	NULL,	'2021-04-16 02:09:36',	'2021-04-16 02:09:36'),
(403,	21,	1,	1,	4,	11,	'CAPA_STATUS',	NULL,	'2021-04-16 02:09:36',	'2021-04-16 02:09:36'),
(404,	21,	1,	1,	4,	11,	'ALL',	NULL,	'2021-04-16 02:09:36',	'2021-04-16 02:09:36'),
(405,	21,	1,	1,	5,	12,	'CREATE_UPDATE_ROLLBACK_DOC',	NULL,	'2021-04-16 02:09:43',	'2021-04-16 02:09:43'),
(406,	21,	1,	1,	5,	12,	'DEACTIVE_REACTIVE_DOC',	NULL,	'2021-04-16 02:09:43',	'2021-04-16 02:09:43'),
(407,	21,	1,	1,	5,	12,	'VIEW_ACTIVE_DOC',	NULL,	'2021-04-16 02:09:43',	'2021-04-16 02:09:43'),
(408,	21,	1,	1,	5,	12,	'VIEW_PENDING_DOC',	NULL,	'2021-04-16 02:09:43',	'2021-04-16 02:09:43'),
(409,	21,	1,	1,	5,	12,	'VIEW_REJECTED_DOC',	NULL,	'2021-04-16 02:09:43',	'2021-04-16 02:09:43'),
(410,	21,	1,	1,	5,	12,	'VIEW_ARCHIVE_DOC',	NULL,	'2021-04-16 02:09:43',	'2021-04-16 02:09:43'),
(411,	21,	1,	1,	5,	12,	'CAPA_STATUS',	NULL,	'2021-04-16 02:09:43',	'2021-04-16 02:09:43'),
(412,	21,	1,	1,	5,	12,	'ALL',	NULL,	'2021-04-16 02:09:43',	'2021-04-16 02:09:43'),
(413,	21,	1,	1,	5,	13,	'CREATE_UPDATE_ROLLBACK_DOC',	NULL,	'2021-04-16 02:09:48',	'2021-04-16 02:09:48'),
(414,	21,	1,	1,	5,	13,	'DEACTIVE_REACTIVE_DOC',	NULL,	'2021-04-16 02:09:48',	'2021-04-16 02:09:48'),
(415,	21,	1,	1,	5,	13,	'VIEW_ACTIVE_DOC',	NULL,	'2021-04-16 02:09:48',	'2021-04-16 02:09:48'),
(416,	21,	1,	1,	5,	13,	'VIEW_PENDING_DOC',	NULL,	'2021-04-16 02:09:48',	'2021-04-16 02:09:48'),
(417,	21,	1,	1,	5,	13,	'VIEW_REJECTED_DOC',	NULL,	'2021-04-16 02:09:48',	'2021-04-16 02:09:48'),
(418,	21,	1,	1,	5,	13,	'VIEW_ARCHIVE_DOC',	NULL,	'2021-04-16 02:09:48',	'2021-04-16 02:09:48'),
(419,	21,	1,	1,	5,	13,	'CAPA_STATUS',	NULL,	'2021-04-16 02:09:48',	'2021-04-16 02:09:48'),
(420,	21,	1,	1,	5,	13,	'ALL',	NULL,	'2021-04-16 02:09:48',	'2021-04-16 02:09:48'),
(421,	21,	1,	1,	6,	14,	'CREATE_UPDATE_ROLLBACK_DOC',	NULL,	'2021-04-16 02:09:56',	'2021-04-16 02:09:56'),
(422,	21,	1,	1,	6,	14,	'DEACTIVE_REACTIVE_DOC',	NULL,	'2021-04-16 02:09:56',	'2021-04-16 02:09:56'),
(423,	21,	1,	1,	6,	14,	'VIEW_ACTIVE_DOC',	NULL,	'2021-04-16 02:09:56',	'2021-04-16 02:09:56'),
(424,	21,	1,	1,	6,	14,	'VIEW_PENDING_DOC',	NULL,	'2021-04-16 02:09:56',	'2021-04-16 02:09:56'),
(425,	21,	1,	1,	6,	14,	'VIEW_REJECTED_DOC',	NULL,	'2021-04-16 02:09:56',	'2021-04-16 02:09:56'),
(426,	21,	1,	1,	6,	14,	'VIEW_ARCHIVE_DOC',	NULL,	'2021-04-16 02:09:56',	'2021-04-16 02:09:56'),
(427,	21,	1,	1,	6,	14,	'CAPA_STATUS',	NULL,	'2021-04-16 02:09:56',	'2021-04-16 02:09:56'),
(428,	21,	1,	1,	6,	14,	'ALL',	NULL,	'2021-04-16 02:09:56',	'2021-04-16 02:09:56'),
(429,	21,	1,	1,	6,	15,	'CREATE_UPDATE_ROLLBACK_DOC',	NULL,	'2021-04-16 02:10:03',	'2021-04-16 02:10:03'),
(430,	21,	1,	1,	6,	15,	'DEACTIVE_REACTIVE_DOC',	NULL,	'2021-04-16 02:10:03',	'2021-04-16 02:10:03'),
(431,	21,	1,	1,	6,	15,	'VIEW_ACTIVE_DOC',	NULL,	'2021-04-16 02:10:03',	'2021-04-16 02:10:03'),
(432,	21,	1,	1,	6,	15,	'VIEW_PENDING_DOC',	NULL,	'2021-04-16 02:10:03',	'2021-04-16 02:10:03'),
(433,	21,	1,	1,	6,	15,	'VIEW_REJECTED_DOC',	NULL,	'2021-04-16 02:10:03',	'2021-04-16 02:10:03'),
(434,	21,	1,	1,	6,	15,	'VIEW_ARCHIVE_DOC',	NULL,	'2021-04-16 02:10:03',	'2021-04-16 02:10:03'),
(435,	21,	1,	1,	6,	15,	'CAPA_STATUS',	NULL,	'2021-04-16 02:10:03',	'2021-04-16 02:10:03'),
(436,	21,	1,	1,	6,	15,	'ALL',	NULL,	'2021-04-16 02:10:03',	'2021-04-16 02:10:03'),
(437,	21,	1,	1,	6,	16,	'CREATE_UPDATE_ROLLBACK_DOC',	NULL,	'2021-04-16 02:10:08',	'2021-04-16 02:10:08'),
(438,	21,	1,	1,	6,	16,	'DEACTIVE_REACTIVE_DOC',	NULL,	'2021-04-16 02:10:08',	'2021-04-16 02:10:08'),
(439,	21,	1,	1,	6,	16,	'VIEW_ACTIVE_DOC',	NULL,	'2021-04-16 02:10:08',	'2021-04-16 02:10:08'),
(440,	21,	1,	1,	6,	16,	'VIEW_PENDING_DOC',	NULL,	'2021-04-16 02:10:08',	'2021-04-16 02:10:08'),
(441,	21,	1,	1,	6,	16,	'VIEW_REJECTED_DOC',	NULL,	'2021-04-16 02:10:08',	'2021-04-16 02:10:08'),
(442,	21,	1,	1,	6,	16,	'VIEW_ARCHIVE_DOC',	NULL,	'2021-04-16 02:10:08',	'2021-04-16 02:10:08'),
(443,	21,	1,	1,	6,	16,	'CAPA_STATUS',	NULL,	'2021-04-16 02:10:08',	'2021-04-16 02:10:08'),
(444,	21,	1,	1,	6,	16,	'ALL',	NULL,	'2021-04-16 02:10:08',	'2021-04-16 02:10:08'),
(445,	21,	1,	1,	7,	17,	'CREATE_UPDATE_ROLLBACK_DOC',	NULL,	'2021-04-16 02:10:16',	'2021-04-16 02:10:16'),
(446,	21,	1,	1,	7,	17,	'DEACTIVE_REACTIVE_DOC',	NULL,	'2021-04-16 02:10:16',	'2021-04-16 02:10:16'),
(447,	21,	1,	1,	7,	17,	'VIEW_ACTIVE_DOC',	NULL,	'2021-04-16 02:10:16',	'2021-04-16 02:10:16'),
(448,	21,	1,	1,	7,	17,	'VIEW_PENDING_DOC',	NULL,	'2021-04-16 02:10:16',	'2021-04-16 02:10:16'),
(449,	21,	1,	1,	7,	17,	'VIEW_REJECTED_DOC',	NULL,	'2021-04-16 02:10:16',	'2021-04-16 02:10:16'),
(450,	21,	1,	1,	7,	17,	'VIEW_ARCHIVE_DOC',	NULL,	'2021-04-16 02:10:16',	'2021-04-16 02:10:16'),
(451,	21,	1,	1,	7,	17,	'CAPA_STATUS',	NULL,	'2021-04-16 02:10:16',	'2021-04-16 02:10:16'),
(452,	21,	1,	1,	7,	17,	'ALL',	NULL,	'2021-04-16 02:10:16',	'2021-04-16 02:10:16'),
(453,	21,	1,	1,	7,	18,	'CREATE_UPDATE_ROLLBACK_DOC',	NULL,	'2021-04-16 02:10:21',	'2021-04-16 02:10:21'),
(454,	21,	1,	1,	7,	18,	'DEACTIVE_REACTIVE_DOC',	NULL,	'2021-04-16 02:10:21',	'2021-04-16 02:10:21'),
(455,	21,	1,	1,	7,	18,	'VIEW_ACTIVE_DOC',	NULL,	'2021-04-16 02:10:21',	'2021-04-16 02:10:21'),
(456,	21,	1,	1,	7,	18,	'VIEW_PENDING_DOC',	NULL,	'2021-04-16 02:10:21',	'2021-04-16 02:10:21'),
(457,	21,	1,	1,	7,	18,	'VIEW_REJECTED_DOC',	NULL,	'2021-04-16 02:10:21',	'2021-04-16 02:10:21'),
(458,	21,	1,	1,	7,	18,	'VIEW_ARCHIVE_DOC',	NULL,	'2021-04-16 02:10:21',	'2021-04-16 02:10:21'),
(459,	21,	1,	1,	7,	18,	'CAPA_STATUS',	NULL,	'2021-04-16 02:10:21',	'2021-04-16 02:10:21'),
(460,	21,	1,	1,	7,	18,	'ALL',	NULL,	'2021-04-16 02:10:21',	'2021-04-16 02:10:21'),
(461,	21,	1,	1,	8,	19,	'CREATE_UPDATE_ROLLBACK_DOC',	NULL,	'2021-04-16 02:10:28',	'2021-04-16 02:10:28'),
(462,	21,	1,	1,	8,	19,	'DEACTIVE_REACTIVE_DOC',	NULL,	'2021-04-16 02:10:28',	'2021-04-16 02:10:28'),
(463,	21,	1,	1,	8,	19,	'VIEW_ACTIVE_DOC',	NULL,	'2021-04-16 02:10:28',	'2021-04-16 02:10:28'),
(464,	21,	1,	1,	8,	19,	'VIEW_PENDING_DOC',	NULL,	'2021-04-16 02:10:28',	'2021-04-16 02:10:28'),
(465,	21,	1,	1,	8,	19,	'VIEW_REJECTED_DOC',	NULL,	'2021-04-16 02:10:28',	'2021-04-16 02:10:28'),
(466,	21,	1,	1,	8,	19,	'VIEW_ARCHIVE_DOC',	NULL,	'2021-04-16 02:10:28',	'2021-04-16 02:10:28'),
(467,	21,	1,	1,	8,	19,	'CAPA_STATUS',	NULL,	'2021-04-16 02:10:28',	'2021-04-16 02:10:28'),
(468,	21,	1,	1,	8,	19,	'ALL',	NULL,	'2021-04-16 02:10:28',	'2021-04-16 02:10:28'),
(469,	21,	1,	1,	8,	20,	'CREATE_UPDATE_ROLLBACK_DOC',	NULL,	'2021-04-16 02:10:33',	'2021-04-16 02:10:33'),
(470,	21,	1,	1,	8,	20,	'DEACTIVE_REACTIVE_DOC',	NULL,	'2021-04-16 02:10:33',	'2021-04-16 02:10:33'),
(471,	21,	1,	1,	8,	20,	'VIEW_ACTIVE_DOC',	NULL,	'2021-04-16 02:10:33',	'2021-04-16 02:10:33'),
(472,	21,	1,	1,	8,	20,	'VIEW_PENDING_DOC',	NULL,	'2021-04-16 02:10:33',	'2021-04-16 02:10:33'),
(473,	21,	1,	1,	8,	20,	'VIEW_REJECTED_DOC',	NULL,	'2021-04-16 02:10:33',	'2021-04-16 02:10:33'),
(474,	21,	1,	1,	8,	20,	'VIEW_ARCHIVE_DOC',	NULL,	'2021-04-16 02:10:33',	'2021-04-16 02:10:33'),
(475,	21,	1,	1,	8,	20,	'CAPA_STATUS',	NULL,	'2021-04-16 02:10:33',	'2021-04-16 02:10:33'),
(476,	21,	1,	1,	8,	20,	'ALL',	NULL,	'2021-04-16 02:10:33',	'2021-04-16 02:10:33'),
(477,	21,	1,	1,	9,	21,	'CREATE_UPDATE_ROLLBACK_DOC',	NULL,	'2021-04-16 02:10:38',	'2021-04-16 02:10:38'),
(478,	21,	1,	1,	9,	21,	'DEACTIVE_REACTIVE_DOC',	NULL,	'2021-04-16 02:10:38',	'2021-04-16 02:10:38'),
(479,	21,	1,	1,	9,	21,	'VIEW_ACTIVE_DOC',	NULL,	'2021-04-16 02:10:38',	'2021-04-16 02:10:38'),
(480,	21,	1,	1,	9,	21,	'VIEW_PENDING_DOC',	NULL,	'2021-04-16 02:10:38',	'2021-04-16 02:10:38'),
(481,	21,	1,	1,	9,	21,	'VIEW_REJECTED_DOC',	NULL,	'2021-04-16 02:10:38',	'2021-04-16 02:10:38'),
(482,	21,	1,	1,	9,	21,	'VIEW_ARCHIVE_DOC',	NULL,	'2021-04-16 02:10:38',	'2021-04-16 02:10:38'),
(483,	21,	1,	1,	9,	21,	'CAPA_STATUS',	NULL,	'2021-04-16 02:10:38',	'2021-04-16 02:10:38'),
(484,	21,	1,	1,	9,	21,	'ALL',	NULL,	'2021-04-16 02:10:38',	'2021-04-16 02:10:38'),
(485,	21,	1,	1,	9,	22,	'CREATE_UPDATE_ROLLBACK_DOC',	NULL,	'2021-04-16 02:10:44',	'2021-04-16 02:10:44'),
(486,	21,	1,	1,	9,	22,	'DEACTIVE_REACTIVE_DOC',	NULL,	'2021-04-16 02:10:44',	'2021-04-16 02:10:44'),
(487,	21,	1,	1,	9,	22,	'VIEW_ACTIVE_DOC',	NULL,	'2021-04-16 02:10:44',	'2021-04-16 02:10:44'),
(488,	21,	1,	1,	9,	22,	'VIEW_PENDING_DOC',	NULL,	'2021-04-16 02:10:44',	'2021-04-16 02:10:44'),
(489,	21,	1,	1,	9,	22,	'VIEW_REJECTED_DOC',	NULL,	'2021-04-16 02:10:44',	'2021-04-16 02:10:44'),
(490,	21,	1,	1,	9,	22,	'VIEW_ARCHIVE_DOC',	NULL,	'2021-04-16 02:10:44',	'2021-04-16 02:10:44'),
(491,	21,	1,	1,	9,	22,	'CAPA_STATUS',	NULL,	'2021-04-16 02:10:44',	'2021-04-16 02:10:44'),
(492,	21,	1,	1,	9,	22,	'ALL',	NULL,	'2021-04-16 02:10:44',	'2021-04-16 02:10:44'),
(493,	21,	1,	1,	10,	23,	'CREATE_UPDATE_ROLLBACK_DOC',	NULL,	'2021-04-16 02:10:51',	'2021-04-16 02:10:51'),
(494,	21,	1,	1,	10,	23,	'DEACTIVE_REACTIVE_DOC',	NULL,	'2021-04-16 02:10:51',	'2021-04-16 02:10:51'),
(495,	21,	1,	1,	10,	23,	'VIEW_ACTIVE_DOC',	NULL,	'2021-04-16 02:10:51',	'2021-04-16 02:10:51'),
(496,	21,	1,	1,	10,	23,	'VIEW_PENDING_DOC',	NULL,	'2021-04-16 02:10:51',	'2021-04-16 02:10:51'),
(497,	21,	1,	1,	10,	23,	'VIEW_REJECTED_DOC',	NULL,	'2021-04-16 02:10:51',	'2021-04-16 02:10:51'),
(498,	21,	1,	1,	10,	23,	'VIEW_ARCHIVE_DOC',	NULL,	'2021-04-16 02:10:51',	'2021-04-16 02:10:51'),
(499,	21,	1,	1,	10,	23,	'CAPA_STATUS',	NULL,	'2021-04-16 02:10:51',	'2021-04-16 02:10:51'),
(500,	21,	1,	1,	10,	23,	'ALL',	NULL,	'2021-04-16 02:10:51',	'2021-04-16 02:10:51'),
(501,	21,	1,	1,	10,	24,	'CREATE_UPDATE_ROLLBACK_DOC',	NULL,	'2021-04-16 02:10:56',	'2021-04-16 02:10:56'),
(502,	21,	1,	1,	10,	24,	'DEACTIVE_REACTIVE_DOC',	NULL,	'2021-04-16 02:10:56',	'2021-04-16 02:10:56'),
(503,	21,	1,	1,	10,	24,	'VIEW_ACTIVE_DOC',	NULL,	'2021-04-16 02:10:56',	'2021-04-16 02:10:56'),
(504,	21,	1,	1,	10,	24,	'VIEW_PENDING_DOC',	NULL,	'2021-04-16 02:10:56',	'2021-04-16 02:10:56'),
(505,	21,	1,	1,	10,	24,	'VIEW_REJECTED_DOC',	NULL,	'2021-04-16 02:10:56',	'2021-04-16 02:10:56'),
(506,	21,	1,	1,	10,	24,	'VIEW_ARCHIVE_DOC',	NULL,	'2021-04-16 02:10:56',	'2021-04-16 02:10:56'),
(507,	21,	1,	1,	10,	24,	'CAPA_STATUS',	NULL,	'2021-04-16 02:10:56',	'2021-04-16 02:10:56'),
(508,	21,	1,	1,	10,	24,	'ALL',	NULL,	'2021-04-16 02:10:56',	'2021-04-16 02:10:56'),
(509,	21,	1,	1,	11,	25,	'CREATE_UPDATE_ROLLBACK_DOC',	NULL,	'2021-04-16 02:11:03',	'2021-04-16 02:11:03'),
(510,	21,	1,	1,	11,	25,	'DEACTIVE_REACTIVE_DOC',	NULL,	'2021-04-16 02:11:03',	'2021-04-16 02:11:03'),
(511,	21,	1,	1,	11,	25,	'VIEW_ACTIVE_DOC',	NULL,	'2021-04-16 02:11:03',	'2021-04-16 02:11:03'),
(512,	21,	1,	1,	11,	25,	'VIEW_PENDING_DOC',	NULL,	'2021-04-16 02:11:03',	'2021-04-16 02:11:03'),
(513,	21,	1,	1,	11,	25,	'VIEW_REJECTED_DOC',	NULL,	'2021-04-16 02:11:03',	'2021-04-16 02:11:03'),
(514,	21,	1,	1,	11,	25,	'VIEW_ARCHIVE_DOC',	NULL,	'2021-04-16 02:11:03',	'2021-04-16 02:11:03'),
(515,	21,	1,	1,	11,	25,	'CAPA_STATUS',	NULL,	'2021-04-16 02:11:03',	'2021-04-16 02:11:03'),
(516,	21,	1,	1,	11,	25,	'ALL',	NULL,	'2021-04-16 02:11:03',	'2021-04-16 02:11:03'),
(517,	21,	1,	1,	11,	26,	'CREATE_UPDATE_ROLLBACK_DOC',	NULL,	'2021-04-16 02:11:08',	'2021-04-16 02:11:08'),
(518,	21,	1,	1,	11,	26,	'DEACTIVE_REACTIVE_DOC',	NULL,	'2021-04-16 02:11:08',	'2021-04-16 02:11:08'),
(519,	21,	1,	1,	11,	26,	'VIEW_ACTIVE_DOC',	NULL,	'2021-04-16 02:11:08',	'2021-04-16 02:11:08'),
(520,	21,	1,	1,	11,	26,	'VIEW_PENDING_DOC',	NULL,	'2021-04-16 02:11:08',	'2021-04-16 02:11:08'),
(521,	21,	1,	1,	11,	26,	'VIEW_REJECTED_DOC',	NULL,	'2021-04-16 02:11:08',	'2021-04-16 02:11:08'),
(522,	21,	1,	1,	11,	26,	'VIEW_ARCHIVE_DOC',	NULL,	'2021-04-16 02:11:08',	'2021-04-16 02:11:08'),
(523,	21,	1,	1,	11,	26,	'CAPA_STATUS',	NULL,	'2021-04-16 02:11:08',	'2021-04-16 02:11:08'),
(524,	21,	1,	1,	11,	26,	'ALL',	NULL,	'2021-04-16 02:11:08',	'2021-04-16 02:11:08'),
(525,	21,	1,	1,	12,	27,	'CREATE_UPDATE_ROLLBACK_DOC',	NULL,	'2021-04-16 02:11:13',	'2021-04-16 02:11:13'),
(526,	21,	1,	1,	12,	27,	'DEACTIVE_REACTIVE_DOC',	NULL,	'2021-04-16 02:11:13',	'2021-04-16 02:11:13'),
(527,	21,	1,	1,	12,	27,	'VIEW_ACTIVE_DOC',	NULL,	'2021-04-16 02:11:13',	'2021-04-16 02:11:13'),
(528,	21,	1,	1,	12,	27,	'VIEW_PENDING_DOC',	NULL,	'2021-04-16 02:11:13',	'2021-04-16 02:11:13'),
(529,	21,	1,	1,	12,	27,	'VIEW_REJECTED_DOC',	NULL,	'2021-04-16 02:11:13',	'2021-04-16 02:11:13'),
(530,	21,	1,	1,	12,	27,	'VIEW_ARCHIVE_DOC',	NULL,	'2021-04-16 02:11:13',	'2021-04-16 02:11:13'),
(531,	21,	1,	1,	12,	27,	'CAPA_STATUS',	NULL,	'2021-04-16 02:11:13',	'2021-04-16 02:11:13'),
(532,	21,	1,	1,	12,	27,	'ALL',	NULL,	'2021-04-16 02:11:13',	'2021-04-16 02:11:13'),
(533,	21,	1,	1,	12,	28,	'CREATE_UPDATE_ROLLBACK_DOC',	NULL,	'2021-04-16 02:11:22',	'2021-04-16 02:11:22'),
(534,	21,	1,	1,	12,	28,	'DEACTIVE_REACTIVE_DOC',	NULL,	'2021-04-16 02:11:22',	'2021-04-16 02:11:22'),
(535,	21,	1,	1,	12,	28,	'VIEW_ACTIVE_DOC',	NULL,	'2021-04-16 02:11:22',	'2021-04-16 02:11:22'),
(536,	21,	1,	1,	12,	28,	'VIEW_PENDING_DOC',	NULL,	'2021-04-16 02:11:22',	'2021-04-16 02:11:22'),
(537,	21,	1,	1,	12,	28,	'VIEW_REJECTED_DOC',	NULL,	'2021-04-16 02:11:22',	'2021-04-16 02:11:22'),
(538,	21,	1,	1,	12,	28,	'VIEW_ARCHIVE_DOC',	NULL,	'2021-04-16 02:11:22',	'2021-04-16 02:11:22'),
(539,	21,	1,	1,	12,	28,	'CAPA_STATUS',	NULL,	'2021-04-16 02:11:22',	'2021-04-16 02:11:22'),
(540,	21,	1,	1,	12,	28,	'ALL',	NULL,	'2021-04-16 02:11:22',	'2021-04-16 02:11:22'),
(541,	21,	1,	1,	13,	29,	'CREATE_UPDATE_ROLLBACK_DOC',	NULL,	'2021-04-16 02:11:30',	'2021-04-16 02:11:30'),
(542,	21,	1,	1,	13,	29,	'DEACTIVE_REACTIVE_DOC',	NULL,	'2021-04-16 02:11:30',	'2021-04-16 02:11:30'),
(543,	21,	1,	1,	13,	29,	'VIEW_ACTIVE_DOC',	NULL,	'2021-04-16 02:11:30',	'2021-04-16 02:11:30'),
(544,	21,	1,	1,	13,	29,	'VIEW_PENDING_DOC',	NULL,	'2021-04-16 02:11:30',	'2021-04-16 02:11:30'),
(545,	21,	1,	1,	13,	29,	'VIEW_REJECTED_DOC',	NULL,	'2021-04-16 02:11:30',	'2021-04-16 02:11:30'),
(546,	21,	1,	1,	13,	29,	'VIEW_ARCHIVE_DOC',	NULL,	'2021-04-16 02:11:30',	'2021-04-16 02:11:30'),
(547,	21,	1,	1,	13,	29,	'CAPA_STATUS',	NULL,	'2021-04-16 02:11:30',	'2021-04-16 02:11:30'),
(548,	21,	1,	1,	13,	29,	'ALL',	NULL,	'2021-04-16 02:11:30',	'2021-04-16 02:11:30'),
(549,	21,	1,	1,	14,	30,	'CREATE_UPDATE_ROLLBACK_DOC',	NULL,	'2021-04-16 02:11:37',	'2021-04-16 02:11:37'),
(550,	21,	1,	1,	14,	30,	'DEACTIVE_REACTIVE_DOC',	NULL,	'2021-04-16 02:11:37',	'2021-04-16 02:11:37'),
(551,	21,	1,	1,	14,	30,	'VIEW_ACTIVE_DOC',	NULL,	'2021-04-16 02:11:37',	'2021-04-16 02:11:37'),
(552,	21,	1,	1,	14,	30,	'VIEW_PENDING_DOC',	NULL,	'2021-04-16 02:11:37',	'2021-04-16 02:11:37'),
(553,	21,	1,	1,	14,	30,	'VIEW_REJECTED_DOC',	NULL,	'2021-04-16 02:11:37',	'2021-04-16 02:11:37'),
(554,	21,	1,	1,	14,	30,	'VIEW_ARCHIVE_DOC',	NULL,	'2021-04-16 02:11:37',	'2021-04-16 02:11:37'),
(555,	21,	1,	1,	14,	30,	'CAPA_STATUS',	NULL,	'2021-04-16 02:11:37',	'2021-04-16 02:11:37'),
(556,	21,	1,	1,	14,	30,	'ALL',	NULL,	'2021-04-16 02:11:37',	'2021-04-16 02:11:37'),
(557,	21,	1,	1,	14,	31,	'CREATE_UPDATE_ROLLBACK_DOC',	NULL,	'2021-04-16 02:11:47',	'2021-04-16 02:11:47'),
(558,	21,	1,	1,	14,	31,	'DEACTIVE_REACTIVE_DOC',	NULL,	'2021-04-16 02:11:47',	'2021-04-16 02:11:47'),
(559,	21,	1,	1,	14,	31,	'VIEW_ACTIVE_DOC',	NULL,	'2021-04-16 02:11:47',	'2021-04-16 02:11:47'),
(560,	21,	1,	1,	14,	31,	'VIEW_PENDING_DOC',	NULL,	'2021-04-16 02:11:47',	'2021-04-16 02:11:47'),
(561,	21,	1,	1,	14,	31,	'VIEW_REJECTED_DOC',	NULL,	'2021-04-16 02:11:47',	'2021-04-16 02:11:47'),
(562,	21,	1,	1,	14,	31,	'VIEW_ARCHIVE_DOC',	NULL,	'2021-04-16 02:11:47',	'2021-04-16 02:11:47'),
(563,	21,	1,	1,	14,	31,	'CAPA_STATUS',	NULL,	'2021-04-16 02:11:47',	'2021-04-16 02:11:47'),
(564,	21,	1,	1,	14,	31,	'ALL',	NULL,	'2021-04-16 02:11:47',	'2021-04-16 02:11:47'),
(565,	21,	1,	1,	14,	32,	'CREATE_UPDATE_ROLLBACK_DOC',	NULL,	'2021-04-16 02:11:56',	'2021-04-16 02:11:56'),
(566,	21,	1,	1,	14,	32,	'DEACTIVE_REACTIVE_DOC',	NULL,	'2021-04-16 02:11:56',	'2021-04-16 02:11:56'),
(567,	21,	1,	1,	14,	32,	'VIEW_ACTIVE_DOC',	NULL,	'2021-04-16 02:11:56',	'2021-04-16 02:11:56'),
(568,	21,	1,	1,	14,	32,	'VIEW_PENDING_DOC',	NULL,	'2021-04-16 02:11:56',	'2021-04-16 02:11:56'),
(569,	21,	1,	1,	14,	32,	'VIEW_REJECTED_DOC',	NULL,	'2021-04-16 02:11:56',	'2021-04-16 02:11:56'),
(570,	21,	1,	1,	14,	32,	'VIEW_ARCHIVE_DOC',	NULL,	'2021-04-16 02:11:56',	'2021-04-16 02:11:56'),
(571,	21,	1,	1,	14,	32,	'CAPA_STATUS',	NULL,	'2021-04-16 02:11:56',	'2021-04-16 02:11:56'),
(572,	21,	1,	1,	14,	32,	'ALL',	NULL,	'2021-04-16 02:11:56',	'2021-04-16 02:11:56'),
(573,	21,	1,	1,	14,	33,	'CREATE_UPDATE_ROLLBACK_DOC',	NULL,	'2021-04-16 02:12:05',	'2021-04-16 02:12:05'),
(574,	21,	1,	1,	14,	33,	'DEACTIVE_REACTIVE_DOC',	NULL,	'2021-04-16 02:12:05',	'2021-04-16 02:12:05'),
(575,	21,	1,	1,	14,	33,	'VIEW_ACTIVE_DOC',	NULL,	'2021-04-16 02:12:05',	'2021-04-16 02:12:05'),
(576,	21,	1,	1,	14,	33,	'VIEW_PENDING_DOC',	NULL,	'2021-04-16 02:12:05',	'2021-04-16 02:12:05'),
(577,	21,	1,	1,	14,	33,	'VIEW_REJECTED_DOC',	NULL,	'2021-04-16 02:12:05',	'2021-04-16 02:12:05'),
(578,	21,	1,	1,	14,	33,	'VIEW_ARCHIVE_DOC',	NULL,	'2021-04-16 02:12:05',	'2021-04-16 02:12:05'),
(579,	21,	1,	1,	14,	33,	'CAPA_STATUS',	NULL,	'2021-04-16 02:12:05',	'2021-04-16 02:12:05'),
(580,	21,	1,	1,	14,	33,	'ALL',	NULL,	'2021-04-16 02:12:05',	'2021-04-16 02:12:05'),
(581,	21,	1,	1,	15,	34,	'CREATE_UPDATE_ROLLBACK_DOC',	NULL,	'2021-04-16 02:12:10',	'2021-04-16 02:12:10'),
(582,	21,	1,	1,	15,	34,	'DEACTIVE_REACTIVE_DOC',	NULL,	'2021-04-16 02:12:10',	'2021-04-16 02:12:10'),
(583,	21,	1,	1,	15,	34,	'VIEW_ACTIVE_DOC',	NULL,	'2021-04-16 02:12:10',	'2021-04-16 02:12:10'),
(584,	21,	1,	1,	15,	34,	'VIEW_PENDING_DOC',	NULL,	'2021-04-16 02:12:10',	'2021-04-16 02:12:10'),
(585,	21,	1,	1,	15,	34,	'VIEW_REJECTED_DOC',	NULL,	'2021-04-16 02:12:10',	'2021-04-16 02:12:10'),
(586,	21,	1,	1,	15,	34,	'VIEW_ARCHIVE_DOC',	NULL,	'2021-04-16 02:12:10',	'2021-04-16 02:12:10'),
(587,	21,	1,	1,	15,	34,	'CAPA_STATUS',	NULL,	'2021-04-16 02:12:10',	'2021-04-16 02:12:10'),
(588,	21,	1,	1,	15,	34,	'ALL',	NULL,	'2021-04-16 02:12:10',	'2021-04-16 02:12:10'),
(589,	21,	1,	1,	15,	35,	'CREATE_UPDATE_ROLLBACK_DOC',	NULL,	'2021-04-16 02:12:17',	'2021-04-16 02:12:17'),
(590,	21,	1,	1,	15,	35,	'DEACTIVE_REACTIVE_DOC',	NULL,	'2021-04-16 02:12:17',	'2021-04-16 02:12:17'),
(591,	21,	1,	1,	15,	35,	'VIEW_ACTIVE_DOC',	NULL,	'2021-04-16 02:12:17',	'2021-04-16 02:12:17'),
(592,	21,	1,	1,	15,	35,	'VIEW_PENDING_DOC',	NULL,	'2021-04-16 02:12:17',	'2021-04-16 02:12:17'),
(593,	21,	1,	1,	15,	35,	'VIEW_REJECTED_DOC',	NULL,	'2021-04-16 02:12:17',	'2021-04-16 02:12:17'),
(594,	21,	1,	1,	15,	35,	'VIEW_ARCHIVE_DOC',	NULL,	'2021-04-16 02:12:17',	'2021-04-16 02:12:17'),
(595,	21,	1,	1,	15,	35,	'CAPA_STATUS',	NULL,	'2021-04-16 02:12:17',	'2021-04-16 02:12:17'),
(596,	21,	1,	1,	15,	35,	'ALL',	NULL,	'2021-04-16 02:12:17',	'2021-04-16 02:12:17'),
(597,	21,	1,	1,	16,	36,	'CREATE_UPDATE_ROLLBACK_DOC',	NULL,	'2021-04-16 02:12:23',	'2021-04-16 02:12:23'),
(598,	21,	1,	1,	16,	36,	'DEACTIVE_REACTIVE_DOC',	NULL,	'2021-04-16 02:12:23',	'2021-04-16 02:12:23'),
(599,	21,	1,	1,	16,	36,	'VIEW_ACTIVE_DOC',	NULL,	'2021-04-16 02:12:23',	'2021-04-16 02:12:23'),
(600,	21,	1,	1,	16,	36,	'VIEW_PENDING_DOC',	NULL,	'2021-04-16 02:12:23',	'2021-04-16 02:12:23'),
(601,	21,	1,	1,	16,	36,	'VIEW_REJECTED_DOC',	NULL,	'2021-04-16 02:12:23',	'2021-04-16 02:12:23'),
(602,	21,	1,	1,	16,	36,	'VIEW_ARCHIVE_DOC',	NULL,	'2021-04-16 02:12:23',	'2021-04-16 02:12:23'),
(603,	21,	1,	1,	16,	36,	'CAPA_STATUS',	NULL,	'2021-04-16 02:12:23',	'2021-04-16 02:12:23'),
(604,	21,	1,	1,	16,	36,	'ALL',	NULL,	'2021-04-16 02:12:23',	'2021-04-16 02:12:23'),
(605,	21,	1,	1,	16,	37,	'CREATE_UPDATE_ROLLBACK_DOC',	NULL,	'2021-04-16 02:15:05',	'2021-04-16 02:15:05'),
(606,	21,	1,	1,	16,	37,	'DEACTIVE_REACTIVE_DOC',	NULL,	'2021-04-16 02:15:05',	'2021-04-16 02:15:05'),
(607,	21,	1,	1,	16,	37,	'VIEW_ACTIVE_DOC',	NULL,	'2021-04-16 02:15:05',	'2021-04-16 02:15:05'),
(608,	21,	1,	1,	16,	37,	'VIEW_PENDING_DOC',	NULL,	'2021-04-16 02:15:05',	'2021-04-16 02:15:05'),
(609,	21,	1,	1,	16,	37,	'VIEW_REJECTED_DOC',	NULL,	'2021-04-16 02:15:05',	'2021-04-16 02:15:05'),
(610,	21,	1,	1,	16,	37,	'VIEW_ARCHIVE_DOC',	NULL,	'2021-04-16 02:15:05',	'2021-04-16 02:15:05'),
(611,	21,	1,	1,	16,	37,	'CAPA_STATUS',	NULL,	'2021-04-16 02:15:05',	'2021-04-16 02:15:05'),
(612,	21,	1,	1,	16,	37,	'ALL',	NULL,	'2021-04-16 02:15:05',	'2021-04-16 02:15:05'),
(613,	21,	1,	1,	16,	38,	'CREATE_UPDATE_ROLLBACK_DOC',	NULL,	'2021-04-16 02:15:10',	'2021-04-16 02:15:10'),
(614,	21,	1,	1,	16,	38,	'DEACTIVE_REACTIVE_DOC',	NULL,	'2021-04-16 02:15:10',	'2021-04-16 02:15:10'),
(615,	21,	1,	1,	16,	38,	'VIEW_ACTIVE_DOC',	NULL,	'2021-04-16 02:15:10',	'2021-04-16 02:15:10'),
(616,	21,	1,	1,	16,	38,	'VIEW_PENDING_DOC',	NULL,	'2021-04-16 02:15:10',	'2021-04-16 02:15:10'),
(617,	21,	1,	1,	16,	38,	'VIEW_REJECTED_DOC',	NULL,	'2021-04-16 02:15:10',	'2021-04-16 02:15:10'),
(618,	21,	1,	1,	16,	38,	'VIEW_ARCHIVE_DOC',	NULL,	'2021-04-16 02:15:10',	'2021-04-16 02:15:10'),
(619,	21,	1,	1,	16,	38,	'CAPA_STATUS',	NULL,	'2021-04-16 02:15:10',	'2021-04-16 02:15:10'),
(620,	21,	1,	1,	16,	38,	'ALL',	NULL,	'2021-04-16 02:15:10',	'2021-04-16 02:15:10'),
(621,	21,	1,	1,	17,	39,	'CREATE_UPDATE_ROLLBACK_DOC',	NULL,	'2021-04-16 02:15:18',	'2021-04-16 02:15:18'),
(622,	21,	1,	1,	17,	39,	'DEACTIVE_REACTIVE_DOC',	NULL,	'2021-04-16 02:15:18',	'2021-04-16 02:15:18'),
(623,	21,	1,	1,	17,	39,	'VIEW_ACTIVE_DOC',	NULL,	'2021-04-16 02:15:18',	'2021-04-16 02:15:18'),
(624,	21,	1,	1,	17,	39,	'VIEW_PENDING_DOC',	NULL,	'2021-04-16 02:15:18',	'2021-04-16 02:15:18'),
(625,	21,	1,	1,	17,	39,	'VIEW_REJECTED_DOC',	NULL,	'2021-04-16 02:15:18',	'2021-04-16 02:15:18'),
(626,	21,	1,	1,	17,	39,	'VIEW_ARCHIVE_DOC',	NULL,	'2021-04-16 02:15:18',	'2021-04-16 02:15:18'),
(627,	21,	1,	1,	17,	39,	'CAPA_STATUS',	NULL,	'2021-04-16 02:15:18',	'2021-04-16 02:15:18'),
(628,	21,	1,	1,	17,	39,	'ALL',	NULL,	'2021-04-16 02:15:18',	'2021-04-16 02:15:18'),
(629,	21,	1,	1,	18,	40,	'CREATE_UPDATE_ROLLBACK_DOC',	NULL,	'2021-04-16 02:15:25',	'2021-04-16 02:15:25'),
(630,	21,	1,	1,	18,	40,	'DEACTIVE_REACTIVE_DOC',	NULL,	'2021-04-16 02:15:25',	'2021-04-16 02:15:25'),
(631,	21,	1,	1,	18,	40,	'VIEW_ACTIVE_DOC',	NULL,	'2021-04-16 02:15:25',	'2021-04-16 02:15:25'),
(632,	21,	1,	1,	18,	40,	'VIEW_PENDING_DOC',	NULL,	'2021-04-16 02:15:25',	'2021-04-16 02:15:25'),
(633,	21,	1,	1,	18,	40,	'VIEW_REJECTED_DOC',	NULL,	'2021-04-16 02:15:25',	'2021-04-16 02:15:25'),
(634,	21,	1,	1,	18,	40,	'VIEW_ARCHIVE_DOC',	NULL,	'2021-04-16 02:15:25',	'2021-04-16 02:15:25'),
(635,	21,	1,	1,	18,	40,	'CAPA_STATUS',	NULL,	'2021-04-16 02:15:25',	'2021-04-16 02:15:25'),
(636,	21,	1,	1,	18,	40,	'ALL',	NULL,	'2021-04-16 02:15:25',	'2021-04-16 02:15:25'),
(637,	21,	1,	1,	19,	41,	'CREATE_UPDATE_ROLLBACK_DOC',	NULL,	'2021-04-16 02:15:31',	'2021-04-16 02:15:31'),
(638,	21,	1,	1,	19,	41,	'DEACTIVE_REACTIVE_DOC',	NULL,	'2021-04-16 02:15:31',	'2021-04-16 02:15:31'),
(639,	21,	1,	1,	19,	41,	'VIEW_ACTIVE_DOC',	NULL,	'2021-04-16 02:15:31',	'2021-04-16 02:15:31'),
(640,	21,	1,	1,	19,	41,	'VIEW_PENDING_DOC',	NULL,	'2021-04-16 02:15:31',	'2021-04-16 02:15:31'),
(641,	21,	1,	1,	19,	41,	'VIEW_REJECTED_DOC',	NULL,	'2021-04-16 02:15:31',	'2021-04-16 02:15:31'),
(642,	21,	1,	1,	19,	41,	'VIEW_ARCHIVE_DOC',	NULL,	'2021-04-16 02:15:31',	'2021-04-16 02:15:31'),
(643,	21,	1,	1,	19,	41,	'CAPA_STATUS',	NULL,	'2021-04-16 02:15:31',	'2021-04-16 02:15:31'),
(644,	21,	1,	1,	19,	41,	'ALL',	NULL,	'2021-04-16 02:15:31',	'2021-04-16 02:15:31'),
(645,	21,	1,	1,	20,	42,	'CREATE_UPDATE_ROLLBACK_DOC',	NULL,	'2021-04-16 02:15:37',	'2021-04-16 02:15:37'),
(646,	21,	1,	1,	20,	42,	'DEACTIVE_REACTIVE_DOC',	NULL,	'2021-04-16 02:15:37',	'2021-04-16 02:15:37'),
(647,	21,	1,	1,	20,	42,	'VIEW_ACTIVE_DOC',	NULL,	'2021-04-16 02:15:37',	'2021-04-16 02:15:37'),
(648,	21,	1,	1,	20,	42,	'VIEW_PENDING_DOC',	NULL,	'2021-04-16 02:15:37',	'2021-04-16 02:15:37'),
(649,	21,	1,	1,	20,	42,	'VIEW_REJECTED_DOC',	NULL,	'2021-04-16 02:15:37',	'2021-04-16 02:15:37'),
(650,	21,	1,	1,	20,	42,	'VIEW_ARCHIVE_DOC',	NULL,	'2021-04-16 02:15:37',	'2021-04-16 02:15:37'),
(651,	21,	1,	1,	20,	42,	'CAPA_STATUS',	NULL,	'2021-04-16 02:15:37',	'2021-04-16 02:15:37'),
(652,	21,	1,	1,	20,	42,	'ALL',	NULL,	'2021-04-16 02:15:37',	'2021-04-16 02:15:37'),
(653,	21,	1,	1,	20,	43,	'CREATE_UPDATE_ROLLBACK_DOC',	NULL,	'2021-04-16 02:15:45',	'2021-04-16 02:15:45'),
(654,	21,	1,	1,	20,	43,	'DEACTIVE_REACTIVE_DOC',	NULL,	'2021-04-16 02:15:45',	'2021-04-16 02:15:45'),
(655,	21,	1,	1,	20,	43,	'VIEW_ACTIVE_DOC',	NULL,	'2021-04-16 02:15:45',	'2021-04-16 02:15:45'),
(656,	21,	1,	1,	20,	43,	'VIEW_PENDING_DOC',	NULL,	'2021-04-16 02:15:45',	'2021-04-16 02:15:45'),
(657,	21,	1,	1,	20,	43,	'VIEW_REJECTED_DOC',	NULL,	'2021-04-16 02:15:45',	'2021-04-16 02:15:45'),
(658,	21,	1,	1,	20,	43,	'VIEW_ARCHIVE_DOC',	NULL,	'2021-04-16 02:15:45',	'2021-04-16 02:15:45'),
(659,	21,	1,	1,	20,	43,	'CAPA_STATUS',	NULL,	'2021-04-16 02:15:45',	'2021-04-16 02:15:45'),
(660,	21,	1,	1,	20,	43,	'ALL',	NULL,	'2021-04-16 02:15:45',	'2021-04-16 02:15:45'),
(661,	21,	1,	1,	20,	44,	'CREATE_UPDATE_ROLLBACK_DOC',	NULL,	'2021-04-16 02:15:51',	'2021-04-16 02:15:51'),
(662,	21,	1,	1,	20,	44,	'DEACTIVE_REACTIVE_DOC',	NULL,	'2021-04-16 02:15:51',	'2021-04-16 02:15:51'),
(663,	21,	1,	1,	20,	44,	'VIEW_ACTIVE_DOC',	NULL,	'2021-04-16 02:15:51',	'2021-04-16 02:15:51'),
(664,	21,	1,	1,	20,	44,	'VIEW_PENDING_DOC',	NULL,	'2021-04-16 02:15:51',	'2021-04-16 02:15:51'),
(665,	21,	1,	1,	20,	44,	'VIEW_REJECTED_DOC',	NULL,	'2021-04-16 02:15:51',	'2021-04-16 02:15:51'),
(666,	21,	1,	1,	20,	44,	'VIEW_ARCHIVE_DOC',	NULL,	'2021-04-16 02:15:51',	'2021-04-16 02:15:51'),
(667,	21,	1,	1,	20,	44,	'CAPA_STATUS',	NULL,	'2021-04-16 02:15:51',	'2021-04-16 02:15:51'),
(668,	21,	1,	1,	20,	44,	'ALL',	NULL,	'2021-04-16 02:15:51',	'2021-04-16 02:15:51'),
(669,	21,	1,	1,	20,	45,	'CREATE_UPDATE_ROLLBACK_DOC',	NULL,	'2021-04-16 02:15:58',	'2021-04-16 02:15:58'),
(670,	21,	1,	1,	20,	45,	'DEACTIVE_REACTIVE_DOC',	NULL,	'2021-04-16 02:15:58',	'2021-04-16 02:15:58'),
(671,	21,	1,	1,	20,	45,	'VIEW_ACTIVE_DOC',	NULL,	'2021-04-16 02:15:58',	'2021-04-16 02:15:58'),
(672,	21,	1,	1,	20,	45,	'VIEW_PENDING_DOC',	NULL,	'2021-04-16 02:15:58',	'2021-04-16 02:15:58'),
(673,	21,	1,	1,	20,	45,	'VIEW_REJECTED_DOC',	NULL,	'2021-04-16 02:15:58',	'2021-04-16 02:15:58'),
(674,	21,	1,	1,	20,	45,	'VIEW_ARCHIVE_DOC',	NULL,	'2021-04-16 02:15:58',	'2021-04-16 02:15:58'),
(675,	21,	1,	1,	20,	45,	'CAPA_STATUS',	NULL,	'2021-04-16 02:15:58',	'2021-04-16 02:15:58'),
(676,	21,	1,	1,	20,	45,	'ALL',	NULL,	'2021-04-16 02:15:58',	'2021-04-16 02:15:58'),
(677,	21,	1,	1,	21,	46,	'CREATE_UPDATE_ROLLBACK_DOC',	NULL,	'2021-04-16 02:16:08',	'2021-04-16 02:16:08'),
(678,	21,	1,	1,	21,	46,	'DEACTIVE_REACTIVE_DOC',	NULL,	'2021-04-16 02:16:08',	'2021-04-16 02:16:08'),
(679,	21,	1,	1,	21,	46,	'VIEW_ACTIVE_DOC',	NULL,	'2021-04-16 02:16:08',	'2021-04-16 02:16:08'),
(680,	21,	1,	1,	21,	46,	'VIEW_PENDING_DOC',	NULL,	'2021-04-16 02:16:08',	'2021-04-16 02:16:08'),
(681,	21,	1,	1,	21,	46,	'VIEW_REJECTED_DOC',	NULL,	'2021-04-16 02:16:08',	'2021-04-16 02:16:08'),
(682,	21,	1,	1,	21,	46,	'VIEW_ARCHIVE_DOC',	NULL,	'2021-04-16 02:16:08',	'2021-04-16 02:16:08'),
(683,	21,	1,	1,	21,	46,	'CAPA_STATUS',	NULL,	'2021-04-16 02:16:08',	'2021-04-16 02:16:08'),
(684,	21,	1,	1,	21,	46,	'ALL',	NULL,	'2021-04-16 02:16:08',	'2021-04-16 02:16:08'),
(685,	21,	1,	1,	21,	47,	'CREATE_UPDATE_ROLLBACK_DOC',	NULL,	'2021-04-16 02:16:20',	'2021-04-16 02:16:20'),
(686,	21,	1,	1,	21,	47,	'DEACTIVE_REACTIVE_DOC',	NULL,	'2021-04-16 02:16:20',	'2021-04-16 02:16:20'),
(687,	21,	1,	1,	21,	47,	'VIEW_ACTIVE_DOC',	NULL,	'2021-04-16 02:16:20',	'2021-04-16 02:16:20'),
(688,	21,	1,	1,	21,	47,	'VIEW_PENDING_DOC',	NULL,	'2021-04-16 02:16:20',	'2021-04-16 02:16:20'),
(689,	21,	1,	1,	21,	47,	'VIEW_REJECTED_DOC',	NULL,	'2021-04-16 02:16:20',	'2021-04-16 02:16:20'),
(690,	21,	1,	1,	21,	47,	'VIEW_ARCHIVE_DOC',	NULL,	'2021-04-16 02:16:20',	'2021-04-16 02:16:20'),
(691,	21,	1,	1,	21,	47,	'CAPA_STATUS',	NULL,	'2021-04-16 02:16:20',	'2021-04-16 02:16:20'),
(692,	21,	1,	1,	21,	47,	'ALL',	NULL,	'2021-04-16 02:16:20',	'2021-04-16 02:16:20'),
(693,	21,	1,	1,	21,	48,	'CREATE_UPDATE_ROLLBACK_DOC',	NULL,	'2021-04-16 02:16:28',	'2021-04-16 02:16:28'),
(694,	21,	1,	1,	21,	48,	'DEACTIVE_REACTIVE_DOC',	NULL,	'2021-04-16 02:16:28',	'2021-04-16 02:16:28'),
(695,	21,	1,	1,	21,	48,	'VIEW_ACTIVE_DOC',	NULL,	'2021-04-16 02:16:28',	'2021-04-16 02:16:28'),
(696,	21,	1,	1,	21,	48,	'VIEW_PENDING_DOC',	NULL,	'2021-04-16 02:16:28',	'2021-04-16 02:16:28'),
(697,	21,	1,	1,	21,	48,	'VIEW_REJECTED_DOC',	NULL,	'2021-04-16 02:16:28',	'2021-04-16 02:16:28'),
(698,	21,	1,	1,	21,	48,	'VIEW_ARCHIVE_DOC',	NULL,	'2021-04-16 02:16:28',	'2021-04-16 02:16:28'),
(699,	21,	1,	1,	21,	48,	'CAPA_STATUS',	NULL,	'2021-04-16 02:16:28',	'2021-04-16 02:16:28'),
(700,	21,	1,	1,	21,	48,	'ALL',	NULL,	'2021-04-16 02:16:28',	'2021-04-16 02:16:28'),
(701,	21,	1,	1,	22,	49,	'CREATE_UPDATE_ROLLBACK_DOC',	NULL,	'2021-04-16 02:16:34',	'2021-04-16 02:16:34'),
(702,	21,	1,	1,	22,	49,	'DEACTIVE_REACTIVE_DOC',	NULL,	'2021-04-16 02:16:34',	'2021-04-16 02:16:34'),
(703,	21,	1,	1,	22,	49,	'VIEW_ACTIVE_DOC',	NULL,	'2021-04-16 02:16:34',	'2021-04-16 02:16:34'),
(704,	21,	1,	1,	22,	49,	'VIEW_PENDING_DOC',	NULL,	'2021-04-16 02:16:34',	'2021-04-16 02:16:34'),
(705,	21,	1,	1,	22,	49,	'VIEW_REJECTED_DOC',	NULL,	'2021-04-16 02:16:34',	'2021-04-16 02:16:34'),
(706,	21,	1,	1,	22,	49,	'VIEW_ARCHIVE_DOC',	NULL,	'2021-04-16 02:16:34',	'2021-04-16 02:16:34'),
(707,	21,	1,	1,	22,	49,	'CAPA_STATUS',	NULL,	'2021-04-16 02:16:34',	'2021-04-16 02:16:34'),
(708,	21,	1,	1,	22,	49,	'ALL',	NULL,	'2021-04-16 02:16:34',	'2021-04-16 02:16:34'),
(709,	22,	1,	1,	1,	1,	'VIEW_ACTIVE_DOC',	NULL,	'2021-04-16 03:46:43',	'2021-04-16 03:46:43'),
(710,	22,	1,	1,	1,	2,	'VIEW_ACTIVE_DOC',	NULL,	'2021-04-16 03:46:53',	'2021-04-16 03:46:53'),
(711,	16,	1,	1,	1,	1,	'VIEW_ACTIVE_DOC',	NULL,	'2021-04-16 03:50:41',	'2021-04-16 03:50:41'),
(712,	16,	1,	1,	1,	2,	'VIEW_ACTIVE_DOC',	NULL,	'2021-04-16 03:50:44',	'2021-04-16 03:50:44'),
(713,	20,	1,	1,	1,	2,	'VIEW_ACTIVE_DOC',	NULL,	'2021-04-16 03:55:44',	'2021-04-16 03:55:44'),
(714,	20,	1,	1,	1,	1,	'VIEW_ACTIVE_DOC',	NULL,	'2021-04-16 03:55:48',	'2021-04-16 03:55:48'),
(715,	16,	1,	1,	1,	1,	'CREATE_UPDATE_ROLLBACK_DOC',	NULL,	'2021-04-16 13:11:56',	'2021-04-16 13:11:56'),
(716,	16,	1,	1,	1,	1,	'DEACTIVE_REACTIVE_DOC',	NULL,	'2021-04-16 13:11:56',	'2021-04-16 13:11:56'),
(717,	16,	1,	1,	1,	1,	'VIEW_ACTIVE_DOC',	NULL,	'2021-04-16 13:11:56',	'2021-04-16 13:11:56'),
(718,	16,	1,	1,	1,	1,	'VIEW_PENDING_DOC',	NULL,	'2021-04-16 13:11:56',	'2021-04-16 13:11:56'),
(719,	16,	1,	1,	1,	1,	'VIEW_REJECTED_DOC',	NULL,	'2021-04-16 13:11:56',	'2021-04-16 13:11:56'),
(720,	16,	1,	1,	1,	1,	'VIEW_ARCHIVE_DOC',	NULL,	'2021-04-16 13:11:56',	'2021-04-16 13:11:56'),
(721,	16,	1,	1,	1,	1,	'CAPA_STATUS',	NULL,	'2021-04-16 13:11:56',	'2021-04-16 13:11:56'),
(722,	16,	1,	1,	1,	1,	'ALL',	NULL,	'2021-04-16 13:11:56',	'2021-04-16 13:11:56'),
(723,	16,	1,	1,	1,	2,	'CREATE_UPDATE_ROLLBACK_DOC',	NULL,	'2021-04-16 13:12:00',	'2021-04-16 13:12:00'),
(724,	16,	1,	1,	1,	2,	'DEACTIVE_REACTIVE_DOC',	NULL,	'2021-04-16 13:12:01',	'2021-04-16 13:12:01'),
(725,	16,	1,	1,	1,	2,	'VIEW_ACTIVE_DOC',	NULL,	'2021-04-16 13:12:01',	'2021-04-16 13:12:01'),
(726,	16,	1,	1,	1,	2,	'VIEW_PENDING_DOC',	NULL,	'2021-04-16 13:12:01',	'2021-04-16 13:12:01'),
(727,	16,	1,	1,	1,	2,	'VIEW_REJECTED_DOC',	NULL,	'2021-04-16 13:12:01',	'2021-04-16 13:12:01'),
(728,	16,	1,	1,	1,	2,	'VIEW_ARCHIVE_DOC',	NULL,	'2021-04-16 13:12:01',	'2021-04-16 13:12:01'),
(729,	16,	1,	1,	1,	2,	'CAPA_STATUS',	NULL,	'2021-04-16 13:12:01',	'2021-04-16 13:12:01'),
(730,	16,	1,	1,	1,	2,	'ALL',	NULL,	'2021-04-16 13:12:01',	'2021-04-16 13:12:01'),
(731,	16,	4,	1,	63,	103,	'CREATE_UPDATE_ROLLBACK_DOC',	NULL,	'2021-04-16 13:12:30',	'2021-04-16 13:12:30'),
(732,	16,	4,	1,	63,	103,	'DEACTIVE_REACTIVE_DOC',	NULL,	'2021-04-16 13:12:30',	'2021-04-16 13:12:30'),
(733,	16,	4,	1,	63,	103,	'VIEW_ACTIVE_DOC',	NULL,	'2021-04-16 13:12:30',	'2021-04-16 13:12:30'),
(734,	16,	4,	1,	63,	103,	'VIEW_PENDING_DOC',	NULL,	'2021-04-16 13:12:30',	'2021-04-16 13:12:30'),
(735,	16,	4,	1,	63,	103,	'VIEW_REJECTED_DOC',	NULL,	'2021-04-16 13:12:30',	'2021-04-16 13:12:30'),
(736,	16,	4,	1,	63,	103,	'VIEW_ARCHIVE_DOC',	NULL,	'2021-04-16 13:12:30',	'2021-04-16 13:12:30'),
(737,	16,	4,	1,	63,	103,	'CAPA_STATUS',	NULL,	'2021-04-16 13:12:30',	'2021-04-16 13:12:30'),
(738,	16,	4,	1,	63,	103,	'ALL',	NULL,	'2021-04-16 13:12:30',	'2021-04-16 13:12:30'),
(739,	16,	2,	5,	92,	194,	'CREATE_UPDATE_ROLLBACK_DOC',	NULL,	'2021-04-16 13:35:51',	'2021-04-16 13:35:51'),
(740,	16,	2,	5,	92,	194,	'DEACTIVE_REACTIVE_DOC',	NULL,	'2021-04-16 13:35:51',	'2021-04-16 13:35:51'),
(741,	16,	2,	5,	92,	194,	'VIEW_ACTIVE_DOC',	NULL,	'2021-04-16 13:35:51',	'2021-04-16 13:35:51'),
(742,	16,	2,	5,	92,	194,	'VIEW_PENDING_DOC',	NULL,	'2021-04-16 13:35:51',	'2021-04-16 13:35:51'),
(743,	16,	2,	5,	92,	194,	'VIEW_REJECTED_DOC',	NULL,	'2021-04-16 13:35:51',	'2021-04-16 13:35:51'),
(744,	16,	2,	5,	92,	194,	'VIEW_ARCHIVE_DOC',	NULL,	'2021-04-16 13:35:51',	'2021-04-16 13:35:51'),
(745,	16,	2,	5,	92,	194,	'CAPA_STATUS',	NULL,	'2021-04-16 13:35:51',	'2021-04-16 13:35:51'),
(746,	16,	2,	5,	92,	194,	'ALL',	NULL,	'2021-04-16 13:35:51',	'2021-04-16 13:35:51'),
(747,	16,	2,	6,	93,	203,	'CREATE_UPDATE_ROLLBACK_DOC',	NULL,	'2021-04-16 13:36:06',	'2021-04-16 13:36:06'),
(748,	16,	2,	6,	93,	203,	'DEACTIVE_REACTIVE_DOC',	NULL,	'2021-04-16 13:36:06',	'2021-04-16 13:36:06'),
(749,	16,	2,	6,	93,	203,	'VIEW_ACTIVE_DOC',	NULL,	'2021-04-16 13:36:06',	'2021-04-16 13:36:06'),
(750,	16,	2,	6,	93,	203,	'VIEW_PENDING_DOC',	NULL,	'2021-04-16 13:36:06',	'2021-04-16 13:36:06'),
(751,	16,	2,	6,	93,	203,	'VIEW_REJECTED_DOC',	NULL,	'2021-04-16 13:36:06',	'2021-04-16 13:36:06'),
(752,	16,	2,	6,	93,	203,	'VIEW_ARCHIVE_DOC',	NULL,	'2021-04-16 13:36:06',	'2021-04-16 13:36:06'),
(753,	16,	2,	6,	93,	203,	'CAPA_STATUS',	NULL,	'2021-04-16 13:36:06',	'2021-04-16 13:36:06'),
(754,	16,	2,	6,	93,	203,	'ALL',	NULL,	'2021-04-16 13:36:06',	'2021-04-16 13:36:06'),
(755,	16,	2,	5,	92,	195,	'CREATE_UPDATE_ROLLBACK_DOC',	NULL,	'2021-04-16 13:36:13',	'2021-04-16 13:36:13'),
(756,	16,	2,	5,	92,	195,	'DEACTIVE_REACTIVE_DOC',	NULL,	'2021-04-16 13:36:13',	'2021-04-16 13:36:13'),
(757,	16,	2,	5,	92,	195,	'VIEW_ACTIVE_DOC',	NULL,	'2021-04-16 13:36:13',	'2021-04-16 13:36:13'),
(758,	16,	2,	5,	92,	195,	'VIEW_PENDING_DOC',	NULL,	'2021-04-16 13:36:13',	'2021-04-16 13:36:13'),
(759,	16,	2,	5,	92,	195,	'VIEW_REJECTED_DOC',	NULL,	'2021-04-16 13:36:13',	'2021-04-16 13:36:13'),
(760,	16,	2,	5,	92,	195,	'VIEW_ARCHIVE_DOC',	NULL,	'2021-04-16 13:36:13',	'2021-04-16 13:36:13'),
(761,	16,	2,	5,	92,	195,	'CAPA_STATUS',	NULL,	'2021-04-16 13:36:13',	'2021-04-16 13:36:13'),
(762,	16,	2,	5,	92,	195,	'ALL',	NULL,	'2021-04-16 13:36:13',	'2021-04-16 13:36:13'),
(763,	16,	2,	6,	93,	204,	'CREATE_UPDATE_ROLLBACK_DOC',	NULL,	'2021-04-16 13:36:21',	'2021-04-16 13:36:21'),
(764,	16,	2,	6,	93,	204,	'DEACTIVE_REACTIVE_DOC',	NULL,	'2021-04-16 13:36:21',	'2021-04-16 13:36:21'),
(765,	16,	2,	6,	93,	204,	'VIEW_ACTIVE_DOC',	NULL,	'2021-04-16 13:36:21',	'2021-04-16 13:36:21'),
(766,	16,	2,	6,	93,	204,	'VIEW_PENDING_DOC',	NULL,	'2021-04-16 13:36:21',	'2021-04-16 13:36:21'),
(767,	16,	2,	6,	93,	204,	'VIEW_REJECTED_DOC',	NULL,	'2021-04-16 13:36:21',	'2021-04-16 13:36:21'),
(768,	16,	2,	6,	93,	204,	'VIEW_ARCHIVE_DOC',	NULL,	'2021-04-16 13:36:21',	'2021-04-16 13:36:21'),
(769,	16,	2,	6,	93,	204,	'CAPA_STATUS',	NULL,	'2021-04-16 13:36:21',	'2021-04-16 13:36:21'),
(770,	16,	2,	6,	93,	204,	'ALL',	NULL,	'2021-04-16 13:36:21',	'2021-04-16 13:36:21'),
(771,	16,	7,	2,	98,	213,	'CREATE_UPDATE_ROLLBACK_DOC',	NULL,	'2021-04-16 13:36:38',	'2021-04-16 13:36:38'),
(772,	16,	7,	2,	98,	213,	'DEACTIVE_REACTIVE_DOC',	NULL,	'2021-04-16 13:36:38',	'2021-04-16 13:36:38'),
(773,	16,	7,	2,	98,	213,	'VIEW_ACTIVE_DOC',	NULL,	'2021-04-16 13:36:38',	'2021-04-16 13:36:38'),
(774,	16,	7,	2,	98,	213,	'VIEW_PENDING_DOC',	NULL,	'2021-04-16 13:36:38',	'2021-04-16 13:36:38'),
(775,	16,	7,	2,	98,	213,	'VIEW_REJECTED_DOC',	NULL,	'2021-04-16 13:36:38',	'2021-04-16 13:36:38'),
(776,	16,	7,	2,	98,	213,	'VIEW_ARCHIVE_DOC',	NULL,	'2021-04-16 13:36:38',	'2021-04-16 13:36:38'),
(777,	16,	7,	2,	98,	213,	'CAPA_STATUS',	NULL,	'2021-04-16 13:36:38',	'2021-04-16 13:36:38'),
(778,	16,	7,	2,	98,	213,	'ALL',	NULL,	'2021-04-16 13:36:38',	'2021-04-16 13:36:38'),
(779,	16,	7,	2,	98,	214,	'CREATE_UPDATE_ROLLBACK_DOC',	NULL,	'2021-04-16 13:36:46',	'2021-04-16 13:36:46'),
(780,	16,	7,	2,	98,	214,	'DEACTIVE_REACTIVE_DOC',	NULL,	'2021-04-16 13:36:46',	'2021-04-16 13:36:46'),
(781,	16,	7,	2,	98,	214,	'VIEW_ACTIVE_DOC',	NULL,	'2021-04-16 13:36:46',	'2021-04-16 13:36:46'),
(782,	16,	7,	2,	98,	214,	'VIEW_PENDING_DOC',	NULL,	'2021-04-16 13:36:46',	'2021-04-16 13:36:46'),
(783,	16,	7,	2,	98,	214,	'VIEW_REJECTED_DOC',	NULL,	'2021-04-16 13:36:46',	'2021-04-16 13:36:46'),
(784,	16,	7,	2,	98,	214,	'VIEW_ARCHIVE_DOC',	NULL,	'2021-04-16 13:36:46',	'2021-04-16 13:36:46'),
(785,	16,	7,	2,	98,	214,	'CAPA_STATUS',	NULL,	'2021-04-16 13:36:46',	'2021-04-16 13:36:46'),
(786,	16,	7,	2,	98,	214,	'ALL',	NULL,	'2021-04-16 13:36:46',	'2021-04-16 13:36:46'),
(787,	16,	4,	4,	100,	218,	'CREATE_UPDATE_ROLLBACK_DOC',	NULL,	'2021-04-16 13:41:22',	'2021-04-16 13:41:22'),
(788,	16,	4,	4,	100,	218,	'DEACTIVE_REACTIVE_DOC',	NULL,	'2021-04-16 13:41:22',	'2021-04-16 13:41:22'),
(789,	16,	4,	4,	100,	218,	'VIEW_ACTIVE_DOC',	NULL,	'2021-04-16 13:41:22',	'2021-04-16 13:41:22'),
(790,	16,	4,	4,	100,	218,	'VIEW_PENDING_DOC',	NULL,	'2021-04-16 13:41:22',	'2021-04-16 13:41:22'),
(791,	16,	4,	4,	100,	218,	'VIEW_REJECTED_DOC',	NULL,	'2021-04-16 13:41:22',	'2021-04-16 13:41:22'),
(792,	16,	4,	4,	100,	218,	'VIEW_ARCHIVE_DOC',	NULL,	'2021-04-16 13:41:22',	'2021-04-16 13:41:22'),
(793,	16,	4,	4,	100,	218,	'CAPA_STATUS',	NULL,	'2021-04-16 13:41:22',	'2021-04-16 13:41:22'),
(794,	16,	4,	4,	100,	218,	'ALL',	NULL,	'2021-04-16 13:41:22',	'2021-04-16 13:41:22'),
(795,	16,	2,	1,	26,	53,	'CREATE_UPDATE_ROLLBACK_DOC',	'2021-04-16 13:42:39',	'2021-04-16 13:42:38',	'2021-04-16 13:42:39'),
(796,	16,	2,	1,	26,	53,	'CREATE_UPDATE_ROLLBACK_DOC',	'2021-04-21 06:57:22',	'2021-04-16 13:43:15',	'2021-04-21 06:57:22'),
(797,	16,	2,	1,	26,	53,	'DEACTIVE_REACTIVE_DOC',	'2021-04-21 06:57:24',	'2021-04-16 13:43:15',	'2021-04-21 06:57:24'),
(798,	16,	2,	1,	26,	53,	'VIEW_ACTIVE_DOC',	'2021-04-21 06:57:22',	'2021-04-16 13:43:15',	'2021-04-21 06:57:22'),
(799,	16,	2,	1,	26,	53,	'VIEW_PENDING_DOC',	'2021-04-21 06:57:24',	'2021-04-16 13:43:15',	'2021-04-21 06:57:24'),
(800,	16,	2,	1,	26,	53,	'VIEW_REJECTED_DOC',	'2021-04-21 06:57:25',	'2021-04-16 13:43:15',	'2021-04-21 06:57:25'),
(801,	16,	2,	1,	26,	53,	'VIEW_ARCHIVE_DOC',	'2021-04-21 06:57:25',	'2021-04-16 13:43:15',	'2021-04-21 06:57:25'),
(802,	16,	2,	1,	26,	53,	'CAPA_STATUS',	'2021-04-21 06:57:26',	'2021-04-16 13:43:15',	'2021-04-21 06:57:26'),
(803,	16,	2,	1,	26,	53,	'ALL',	NULL,	'2021-04-16 13:43:15',	'2021-04-16 13:43:15'),
(804,	16,	2,	3,	99,	215,	'CREATE_UPDATE_ROLLBACK_DOC',	NULL,	'2021-04-16 13:44:17',	'2021-04-16 13:44:17'),
(805,	16,	2,	3,	99,	215,	'DEACTIVE_REACTIVE_DOC',	NULL,	'2021-04-16 13:44:17',	'2021-04-16 13:44:17'),
(806,	16,	2,	3,	99,	215,	'VIEW_ACTIVE_DOC',	NULL,	'2021-04-16 13:44:17',	'2021-04-16 13:44:17'),
(807,	16,	2,	3,	99,	215,	'VIEW_PENDING_DOC',	NULL,	'2021-04-16 13:44:17',	'2021-04-16 13:44:17'),
(808,	16,	2,	3,	99,	215,	'VIEW_REJECTED_DOC',	NULL,	'2021-04-16 13:44:17',	'2021-04-16 13:44:17'),
(809,	16,	2,	3,	99,	215,	'VIEW_ARCHIVE_DOC',	NULL,	'2021-04-16 13:44:17',	'2021-04-16 13:44:17'),
(810,	16,	2,	3,	99,	215,	'CAPA_STATUS',	NULL,	'2021-04-16 13:44:17',	'2021-04-16 13:44:17'),
(811,	16,	2,	3,	99,	215,	'ALL',	NULL,	'2021-04-16 13:44:17',	'2021-04-16 13:44:17'),
(812,	16,	2,	3,	99,	216,	'CREATE_UPDATE_ROLLBACK_DOC',	NULL,	'2021-04-16 13:44:25',	'2021-04-16 13:44:25'),
(813,	16,	2,	3,	99,	216,	'DEACTIVE_REACTIVE_DOC',	NULL,	'2021-04-16 13:44:25',	'2021-04-16 13:44:25'),
(814,	16,	2,	3,	99,	216,	'VIEW_ACTIVE_DOC',	NULL,	'2021-04-16 13:44:25',	'2021-04-16 13:44:25'),
(815,	16,	2,	3,	99,	216,	'VIEW_PENDING_DOC',	NULL,	'2021-04-16 13:44:25',	'2021-04-16 13:44:25'),
(816,	16,	2,	3,	99,	216,	'VIEW_REJECTED_DOC',	NULL,	'2021-04-16 13:44:25',	'2021-04-16 13:44:25'),
(817,	16,	2,	3,	99,	216,	'VIEW_ARCHIVE_DOC',	NULL,	'2021-04-16 13:44:25',	'2021-04-16 13:44:25'),
(818,	16,	2,	3,	99,	216,	'CAPA_STATUS',	NULL,	'2021-04-16 13:44:25',	'2021-04-16 13:44:25'),
(819,	16,	2,	3,	99,	216,	'ALL',	NULL,	'2021-04-16 13:44:25',	'2021-04-16 13:44:25'),
(820,	16,	2,	1,	27,	54,	'CREATE_UPDATE_ROLLBACK_DOC',	'2021-04-21 06:57:27',	'2021-04-17 01:47:34',	'2021-04-21 06:57:27'),
(821,	16,	2,	1,	27,	54,	'DEACTIVE_REACTIVE_DOC',	'2021-04-21 06:57:31',	'2021-04-17 01:47:34',	'2021-04-21 06:57:31'),
(822,	16,	2,	1,	27,	54,	'VIEW_ACTIVE_DOC',	'2021-04-21 06:57:28',	'2021-04-17 01:47:34',	'2021-04-21 06:57:28'),
(823,	16,	2,	1,	27,	54,	'VIEW_PENDING_DOC',	'2021-04-21 06:57:31',	'2021-04-17 01:47:34',	'2021-04-21 06:57:31'),
(824,	16,	2,	1,	27,	54,	'VIEW_REJECTED_DOC',	'2021-04-21 06:57:31',	'2021-04-17 01:47:34',	'2021-04-21 06:57:31'),
(825,	16,	2,	1,	27,	54,	'VIEW_ARCHIVE_DOC',	'2021-04-21 06:57:31',	'2021-04-17 01:47:34',	'2021-04-21 06:57:31'),
(826,	16,	2,	1,	27,	54,	'CAPA_STATUS',	'2021-04-21 06:57:31',	'2021-04-17 01:47:34',	'2021-04-21 06:57:31'),
(827,	16,	2,	1,	27,	54,	'ALL',	'2021-04-21 06:57:31',	'2021-04-17 01:47:34',	'2021-04-21 06:57:31'),
(828,	16,	2,	1,	27,	55,	'CREATE_UPDATE_ROLLBACK_DOC',	'2021-04-21 06:57:57',	'2021-04-17 01:47:46',	'2021-04-21 06:57:57'),
(829,	16,	2,	1,	27,	55,	'DEACTIVE_REACTIVE_DOC',	'2021-04-21 06:57:57',	'2021-04-17 01:47:46',	'2021-04-21 06:57:57'),
(830,	16,	2,	1,	27,	55,	'VIEW_ACTIVE_DOC',	'2021-04-21 06:57:57',	'2021-04-17 01:47:46',	'2021-04-21 06:57:57'),
(831,	16,	2,	1,	27,	55,	'VIEW_PENDING_DOC',	'2021-04-21 06:57:57',	'2021-04-17 01:47:46',	'2021-04-21 06:57:57'),
(832,	16,	2,	1,	27,	55,	'VIEW_REJECTED_DOC',	'2021-04-21 06:57:57',	'2021-04-17 01:47:46',	'2021-04-21 06:57:57'),
(833,	16,	2,	1,	27,	55,	'VIEW_ARCHIVE_DOC',	'2021-04-21 06:57:57',	'2021-04-17 01:47:46',	'2021-04-21 06:57:57'),
(834,	16,	2,	1,	27,	55,	'CAPA_STATUS',	'2021-04-21 06:57:57',	'2021-04-17 01:47:46',	'2021-04-21 06:57:57'),
(835,	16,	2,	1,	27,	55,	'ALL',	'2021-04-21 06:57:57',	'2021-04-17 01:47:46',	'2021-04-21 06:57:57'),
(836,	25,	5,	1,	64,	106,	'CREATE_UPDATE_ROLLBACK_DOC',	NULL,	'2021-04-17 03:12:53',	'2021-04-17 03:12:53'),
(837,	25,	5,	1,	64,	106,	'DEACTIVE_REACTIVE_DOC',	NULL,	'2021-04-17 03:12:53',	'2021-04-17 03:12:53'),
(838,	25,	5,	1,	64,	106,	'VIEW_ACTIVE_DOC',	NULL,	'2021-04-17 03:12:53',	'2021-04-17 03:12:53'),
(839,	25,	5,	1,	64,	106,	'VIEW_PENDING_DOC',	NULL,	'2021-04-17 03:12:53',	'2021-04-17 03:12:53'),
(840,	25,	5,	1,	64,	106,	'VIEW_REJECTED_DOC',	NULL,	'2021-04-17 03:12:53',	'2021-04-17 03:12:53'),
(841,	25,	5,	1,	64,	106,	'VIEW_ARCHIVE_DOC',	NULL,	'2021-04-17 03:12:53',	'2021-04-17 03:12:53'),
(842,	25,	5,	1,	64,	106,	'CAPA_STATUS',	NULL,	'2021-04-17 03:12:53',	'2021-04-17 03:12:53'),
(843,	25,	5,	1,	64,	106,	'ALL',	NULL,	'2021-04-17 03:12:53',	'2021-04-17 03:12:53'),
(844,	21,	5,	1,	64,	106,	'VIEW_ACTIVE_DOC',	NULL,	'2021-04-17 03:41:41',	'2021-04-17 03:41:41'),
(845,	25,	1,	1,	1,	1,	'CREATE_UPDATE_ROLLBACK_DOC',	'2021-04-17 03:42:17',	'2021-04-17 03:42:09',	'2021-04-17 03:42:17'),
(846,	25,	1,	1,	1,	1,	'DEACTIVE_REACTIVE_DOC',	'2021-04-17 03:42:19',	'2021-04-17 03:42:09',	'2021-04-17 03:42:19'),
(847,	25,	1,	1,	1,	1,	'VIEW_ACTIVE_DOC',	NULL,	'2021-04-17 03:42:09',	'2021-04-17 03:42:09'),
(848,	25,	1,	1,	1,	1,	'VIEW_PENDING_DOC',	'2021-04-17 03:42:20',	'2021-04-17 03:42:09',	'2021-04-17 03:42:20'),
(849,	25,	1,	1,	1,	1,	'VIEW_REJECTED_DOC',	'2021-04-17 03:42:20',	'2021-04-17 03:42:09',	'2021-04-17 03:42:20'),
(850,	25,	1,	1,	1,	1,	'VIEW_ARCHIVE_DOC',	'2021-04-17 03:42:22',	'2021-04-17 03:42:09',	'2021-04-17 03:42:22'),
(851,	25,	1,	1,	1,	1,	'CAPA_STATUS',	'2021-04-17 03:42:22',	'2021-04-17 03:42:09',	'2021-04-17 03:42:22'),
(852,	25,	1,	1,	1,	1,	'ALL',	NULL,	'2021-04-17 03:42:09',	'2021-04-17 03:42:09'),
(853,	26,	6,	1,	73,	146,	'CREATE_UPDATE_ROLLBACK_DOC',	NULL,	'2021-04-17 03:45:50',	'2021-04-17 03:45:50'),
(854,	26,	6,	1,	73,	146,	'DEACTIVE_REACTIVE_DOC',	NULL,	'2021-04-17 03:45:50',	'2021-04-17 03:45:50'),
(855,	26,	6,	1,	73,	146,	'VIEW_ACTIVE_DOC',	NULL,	'2021-04-17 03:45:50',	'2021-04-17 03:45:50'),
(856,	26,	6,	1,	73,	146,	'VIEW_PENDING_DOC',	NULL,	'2021-04-17 03:45:50',	'2021-04-17 03:45:50'),
(857,	26,	6,	1,	73,	146,	'VIEW_REJECTED_DOC',	NULL,	'2021-04-17 03:45:50',	'2021-04-17 03:45:50'),
(858,	26,	6,	1,	73,	146,	'VIEW_ARCHIVE_DOC',	NULL,	'2021-04-17 03:45:50',	'2021-04-17 03:45:50'),
(859,	26,	6,	1,	73,	146,	'CAPA_STATUS',	NULL,	'2021-04-17 03:45:50',	'2021-04-17 03:45:50'),
(860,	26,	6,	1,	73,	146,	'ALL',	NULL,	'2021-04-17 03:45:50',	'2021-04-17 03:45:50'),
(861,	31,	6,	1,	73,	146,	'VIEW_ACTIVE_DOC',	NULL,	'2021-04-17 04:03:47',	'2021-04-17 04:03:47'),
(862,	31,	6,	1,	73,	146,	'CREATE_UPDATE_ROLLBACK_DOC',	NULL,	'2021-04-17 04:03:54',	'2021-04-17 04:03:54'),
(863,	31,	6,	1,	73,	146,	'DEACTIVE_REACTIVE_DOC',	NULL,	'2021-04-17 04:03:54',	'2021-04-17 04:03:54'),
(864,	31,	6,	1,	73,	146,	'VIEW_ACTIVE_DOC',	NULL,	'2021-04-17 04:03:54',	'2021-04-17 04:03:54'),
(865,	31,	6,	1,	73,	146,	'VIEW_PENDING_DOC',	NULL,	'2021-04-17 04:03:54',	'2021-04-17 04:03:54'),
(866,	31,	6,	1,	73,	146,	'VIEW_REJECTED_DOC',	NULL,	'2021-04-17 04:03:54',	'2021-04-17 04:03:54'),
(867,	31,	6,	1,	73,	146,	'VIEW_ARCHIVE_DOC',	NULL,	'2021-04-17 04:03:54',	'2021-04-17 04:03:54'),
(868,	31,	6,	1,	73,	146,	'CAPA_STATUS',	NULL,	'2021-04-17 04:03:54',	'2021-04-17 04:03:54'),
(869,	31,	6,	1,	73,	146,	'ALL',	NULL,	'2021-04-17 04:03:54',	'2021-04-17 04:03:54'),
(870,	27,	7,	1,	105,	225,	'CREATE_UPDATE_ROLLBACK_DOC',	NULL,	'2021-04-17 04:12:05',	'2021-04-17 04:12:05'),
(871,	27,	7,	1,	105,	225,	'DEACTIVE_REACTIVE_DOC',	NULL,	'2021-04-17 04:12:05',	'2021-04-17 04:12:05'),
(872,	27,	7,	1,	105,	225,	'VIEW_ACTIVE_DOC',	NULL,	'2021-04-17 04:12:05',	'2021-04-17 04:12:05'),
(873,	27,	7,	1,	105,	225,	'VIEW_PENDING_DOC',	NULL,	'2021-04-17 04:12:05',	'2021-04-17 04:12:05'),
(874,	27,	7,	1,	105,	225,	'VIEW_REJECTED_DOC',	NULL,	'2021-04-17 04:12:05',	'2021-04-17 04:12:05'),
(875,	27,	7,	1,	105,	225,	'VIEW_ARCHIVE_DOC',	NULL,	'2021-04-17 04:12:05',	'2021-04-17 04:12:05'),
(876,	27,	7,	1,	105,	225,	'CAPA_STATUS',	NULL,	'2021-04-17 04:12:05',	'2021-04-17 04:12:05'),
(877,	27,	7,	1,	105,	225,	'ALL',	NULL,	'2021-04-17 04:12:05',	'2021-04-17 04:12:05'),
(878,	27,	7,	2,	98,	213,	'CREATE_UPDATE_ROLLBACK_DOC',	NULL,	'2021-04-17 04:12:29',	'2021-04-17 04:12:29'),
(879,	27,	7,	2,	98,	213,	'DEACTIVE_REACTIVE_DOC',	NULL,	'2021-04-17 04:12:29',	'2021-04-17 04:12:29'),
(880,	27,	7,	2,	98,	213,	'VIEW_ACTIVE_DOC',	NULL,	'2021-04-17 04:12:29',	'2021-04-17 04:12:29'),
(881,	27,	7,	2,	98,	213,	'VIEW_PENDING_DOC',	NULL,	'2021-04-17 04:12:29',	'2021-04-17 04:12:29'),
(882,	27,	7,	2,	98,	213,	'VIEW_REJECTED_DOC',	NULL,	'2021-04-17 04:12:29',	'2021-04-17 04:12:29'),
(883,	27,	7,	2,	98,	213,	'VIEW_ARCHIVE_DOC',	NULL,	'2021-04-17 04:12:29',	'2021-04-17 04:12:29'),
(884,	27,	7,	2,	98,	213,	'CAPA_STATUS',	NULL,	'2021-04-17 04:12:29',	'2021-04-17 04:12:29'),
(885,	27,	7,	2,	98,	213,	'ALL',	NULL,	'2021-04-17 04:12:29',	'2021-04-17 04:12:29'),
(886,	27,	5,	1,	64,	106,	'VIEW_ACTIVE_DOC',	NULL,	'2021-04-17 04:12:44',	'2021-04-17 04:12:44'),
(887,	27,	3,	1,	58,	87,	'VIEW_ACTIVE_DOC',	NULL,	'2021-04-17 04:12:55',	'2021-04-17 04:12:55'),
(888,	27,	2,	1,	23,	50,	'VIEW_ACTIVE_DOC',	'2021-04-17 04:13:04',	'2021-04-17 04:13:02',	'2021-04-17 04:13:04'),
(889,	27,	1,	1,	1,	1,	'VIEW_ACTIVE_DOC',	'2021-04-17 04:13:10',	'2021-04-17 04:13:09',	'2021-04-17 04:13:10'),
(890,	28,	9,	1,	128,	251,	'CREATE_UPDATE_ROLLBACK_DOC',	NULL,	'2021-04-17 04:55:55',	'2021-04-17 04:55:55'),
(891,	28,	9,	1,	128,	251,	'DEACTIVE_REACTIVE_DOC',	NULL,	'2021-04-17 04:55:55',	'2021-04-17 04:55:55'),
(892,	28,	9,	1,	128,	251,	'VIEW_ACTIVE_DOC',	NULL,	'2021-04-17 04:55:55',	'2021-04-17 04:55:55'),
(893,	28,	9,	1,	128,	251,	'VIEW_PENDING_DOC',	NULL,	'2021-04-17 04:55:55',	'2021-04-17 04:55:55'),
(894,	28,	9,	1,	128,	251,	'VIEW_REJECTED_DOC',	NULL,	'2021-04-17 04:55:55',	'2021-04-17 04:55:55'),
(895,	28,	9,	1,	128,	251,	'VIEW_ARCHIVE_DOC',	NULL,	'2021-04-17 04:55:55',	'2021-04-17 04:55:55'),
(896,	28,	9,	1,	128,	251,	'CAPA_STATUS',	NULL,	'2021-04-17 04:55:55',	'2021-04-17 04:55:55'),
(897,	28,	9,	1,	128,	251,	'ALL',	NULL,	'2021-04-17 04:55:55',	'2021-04-17 04:55:55'),
(898,	28,	9,	6,	135,	387,	'CREATE_UPDATE_ROLLBACK_DOC',	NULL,	'2021-04-17 04:57:16',	'2021-04-17 04:57:16'),
(899,	28,	9,	6,	135,	387,	'DEACTIVE_REACTIVE_DOC',	NULL,	'2021-04-17 04:57:16',	'2021-04-17 04:57:16'),
(900,	28,	9,	6,	135,	387,	'VIEW_ACTIVE_DOC',	NULL,	'2021-04-17 04:57:16',	'2021-04-17 04:57:16'),
(901,	28,	9,	6,	135,	387,	'VIEW_PENDING_DOC',	NULL,	'2021-04-17 04:57:16',	'2021-04-17 04:57:16'),
(902,	28,	9,	6,	135,	387,	'VIEW_REJECTED_DOC',	NULL,	'2021-04-17 04:57:16',	'2021-04-17 04:57:16'),
(903,	28,	9,	6,	135,	387,	'VIEW_ARCHIVE_DOC',	NULL,	'2021-04-17 04:57:16',	'2021-04-17 04:57:16'),
(904,	28,	9,	6,	135,	387,	'CAPA_STATUS',	NULL,	'2021-04-17 04:57:16',	'2021-04-17 04:57:16'),
(905,	28,	9,	6,	135,	387,	'ALL',	NULL,	'2021-04-17 04:57:16',	'2021-04-17 04:57:16'),
(906,	24,	4,	1,	63,	103,	'CREATE_UPDATE_ROLLBACK_DOC',	NULL,	'2021-04-17 05:35:47',	'2021-04-17 05:35:47'),
(907,	24,	4,	1,	63,	103,	'DEACTIVE_REACTIVE_DOC',	NULL,	'2021-04-17 05:35:47',	'2021-04-17 05:35:47'),
(908,	24,	4,	1,	63,	103,	'VIEW_ACTIVE_DOC',	NULL,	'2021-04-17 05:35:47',	'2021-04-17 05:35:47'),
(909,	24,	4,	1,	63,	103,	'VIEW_PENDING_DOC',	NULL,	'2021-04-17 05:35:47',	'2021-04-17 05:35:47'),
(910,	24,	4,	1,	63,	103,	'VIEW_REJECTED_DOC',	NULL,	'2021-04-17 05:35:47',	'2021-04-17 05:35:47'),
(911,	24,	4,	1,	63,	103,	'VIEW_ARCHIVE_DOC',	NULL,	'2021-04-17 05:35:47',	'2021-04-17 05:35:47'),
(912,	24,	4,	1,	63,	103,	'CAPA_STATUS',	NULL,	'2021-04-17 05:35:47',	'2021-04-17 05:35:47'),
(913,	24,	4,	1,	63,	103,	'ALL',	NULL,	'2021-04-17 05:35:47',	'2021-04-17 05:35:47'),
(914,	24,	4,	4,	100,	218,	'CREATE_UPDATE_ROLLBACK_DOC',	NULL,	'2021-04-17 05:36:02',	'2021-04-17 05:36:02'),
(915,	24,	4,	4,	100,	218,	'DEACTIVE_REACTIVE_DOC',	NULL,	'2021-04-17 05:36:02',	'2021-04-17 05:36:02'),
(916,	24,	4,	4,	100,	218,	'VIEW_ACTIVE_DOC',	NULL,	'2021-04-17 05:36:02',	'2021-04-17 05:36:02'),
(917,	24,	4,	4,	100,	218,	'VIEW_PENDING_DOC',	NULL,	'2021-04-17 05:36:02',	'2021-04-17 05:36:02'),
(918,	24,	4,	4,	100,	218,	'VIEW_REJECTED_DOC',	NULL,	'2021-04-17 05:36:02',	'2021-04-17 05:36:02'),
(919,	24,	4,	4,	100,	218,	'VIEW_ARCHIVE_DOC',	NULL,	'2021-04-17 05:36:02',	'2021-04-17 05:36:02'),
(920,	24,	4,	4,	100,	218,	'CAPA_STATUS',	NULL,	'2021-04-17 05:36:02',	'2021-04-17 05:36:02'),
(921,	24,	4,	4,	100,	218,	'ALL',	NULL,	'2021-04-17 05:36:02',	'2021-04-17 05:36:02'),
(922,	25,	5,	1,	65,	111,	'CREATE_UPDATE_ROLLBACK_DOC',	NULL,	'2021-04-17 06:40:04',	'2021-04-17 06:40:04'),
(923,	25,	5,	1,	65,	111,	'DEACTIVE_REACTIVE_DOC',	NULL,	'2021-04-17 06:40:04',	'2021-04-17 06:40:04'),
(924,	25,	5,	1,	65,	111,	'VIEW_ACTIVE_DOC',	NULL,	'2021-04-17 06:40:04',	'2021-04-17 06:40:04'),
(925,	25,	5,	1,	65,	111,	'VIEW_PENDING_DOC',	NULL,	'2021-04-17 06:40:04',	'2021-04-17 06:40:04'),
(926,	25,	5,	1,	65,	111,	'VIEW_REJECTED_DOC',	NULL,	'2021-04-17 06:40:04',	'2021-04-17 06:40:04'),
(927,	25,	5,	1,	65,	111,	'VIEW_ARCHIVE_DOC',	NULL,	'2021-04-17 06:40:04',	'2021-04-17 06:40:04'),
(928,	25,	5,	1,	65,	111,	'CAPA_STATUS',	NULL,	'2021-04-17 06:40:04',	'2021-04-17 06:40:04'),
(929,	25,	5,	1,	65,	111,	'ALL',	NULL,	'2021-04-17 06:40:04',	'2021-04-17 06:40:04'),
(930,	21,	1,	1,	1,	2,	'CREATE_UPDATE_ROLLBACK_DOC',	NULL,	'2021-04-20 04:54:14',	'2021-04-20 04:54:14'),
(931,	21,	1,	1,	1,	1,	'CREATE_UPDATE_ROLLBACK_DOC',	NULL,	'2021-04-20 05:04:30',	'2021-04-20 05:04:30'),
(932,	16,	2,	1,	27,	54,	'CREATE_UPDATE_ROLLBACK_DOC',	'2021-04-21 06:57:31',	'2021-04-21 06:57:30',	'2021-04-21 06:57:31'),
(933,	16,	2,	1,	27,	54,	'DEACTIVE_REACTIVE_DOC',	'2021-04-21 06:57:31',	'2021-04-21 06:57:30',	'2021-04-21 06:57:31'),
(934,	16,	2,	1,	27,	54,	'VIEW_ACTIVE_DOC',	'2021-04-21 06:57:31',	'2021-04-21 06:57:30',	'2021-04-21 06:57:31'),
(935,	16,	2,	1,	27,	54,	'VIEW_PENDING_DOC',	'2021-04-21 06:57:31',	'2021-04-21 06:57:30',	'2021-04-21 06:57:31'),
(936,	16,	2,	1,	27,	54,	'VIEW_REJECTED_DOC',	'2021-04-21 06:57:31',	'2021-04-21 06:57:30',	'2021-04-21 06:57:31'),
(937,	16,	2,	1,	27,	54,	'VIEW_ARCHIVE_DOC',	'2021-04-21 06:57:31',	'2021-04-21 06:57:30',	'2021-04-21 06:57:31'),
(938,	16,	2,	1,	27,	54,	'CAPA_STATUS',	'2021-04-21 06:57:31',	'2021-04-21 06:57:30',	'2021-04-21 06:57:31'),
(939,	16,	2,	1,	27,	54,	'ALL',	'2021-04-21 06:57:31',	'2021-04-21 06:57:30',	'2021-04-21 06:57:31'),
(940,	16,	2,	1,	27,	55,	'CREATE_UPDATE_ROLLBACK_DOC',	'2021-04-21 06:57:57',	'2021-04-21 06:57:56',	'2021-04-21 06:57:57'),
(941,	16,	2,	1,	27,	55,	'DEACTIVE_REACTIVE_DOC',	'2021-04-21 06:57:57',	'2021-04-21 06:57:56',	'2021-04-21 06:57:57'),
(942,	16,	2,	1,	27,	55,	'VIEW_ACTIVE_DOC',	'2021-04-21 06:57:57',	'2021-04-21 06:57:56',	'2021-04-21 06:57:57'),
(943,	16,	2,	1,	27,	55,	'VIEW_PENDING_DOC',	'2021-04-21 06:57:57',	'2021-04-21 06:57:56',	'2021-04-21 06:57:57'),
(944,	16,	2,	1,	27,	55,	'VIEW_REJECTED_DOC',	'2021-04-21 06:57:57',	'2021-04-21 06:57:56',	'2021-04-21 06:57:57'),
(945,	16,	2,	1,	27,	55,	'VIEW_ARCHIVE_DOC',	'2021-04-21 06:57:57',	'2021-04-21 06:57:56',	'2021-04-21 06:57:57'),
(946,	16,	2,	1,	27,	55,	'CAPA_STATUS',	'2021-04-21 06:57:57',	'2021-04-21 06:57:56',	'2021-04-21 06:57:57'),
(947,	16,	2,	1,	27,	55,	'ALL',	'2021-04-21 06:57:57',	'2021-04-21 06:57:56',	'2021-04-21 06:57:57'),
(948,	16,	2,	1,	30,	57,	'CREATE_UPDATE_ROLLBACK_DOC',	'2021-04-21 06:58:29',	'2021-04-21 06:58:28',	'2021-04-21 06:58:29'),
(949,	16,	2,	1,	30,	57,	'DEACTIVE_REACTIVE_DOC',	'2021-04-21 06:58:29',	'2021-04-21 06:58:28',	'2021-04-21 06:58:29'),
(950,	16,	2,	1,	30,	57,	'VIEW_ACTIVE_DOC',	'2021-04-21 06:58:29',	'2021-04-21 06:58:28',	'2021-04-21 06:58:29'),
(951,	16,	2,	1,	30,	57,	'VIEW_PENDING_DOC',	'2021-04-21 06:58:29',	'2021-04-21 06:58:28',	'2021-04-21 06:58:29'),
(952,	16,	2,	1,	30,	57,	'VIEW_REJECTED_DOC',	'2021-04-21 06:58:29',	'2021-04-21 06:58:28',	'2021-04-21 06:58:29'),
(953,	16,	2,	1,	30,	57,	'VIEW_ARCHIVE_DOC',	'2021-04-21 06:58:29',	'2021-04-21 06:58:28',	'2021-04-21 06:58:29'),
(954,	16,	2,	1,	30,	57,	'CAPA_STATUS',	'2021-04-21 06:58:29',	'2021-04-21 06:58:28',	'2021-04-21 06:58:29'),
(955,	16,	2,	1,	30,	57,	'ALL',	'2021-04-21 06:58:29',	'2021-04-21 06:58:28',	'2021-04-21 06:58:29'),
(956,	16,	2,	1,	31,	58,	'CREATE_UPDATE_ROLLBACK_DOC',	'2021-04-21 06:59:10',	'2021-04-21 06:59:08',	'2021-04-21 06:59:10'),
(957,	16,	2,	1,	31,	58,	'DEACTIVE_REACTIVE_DOC',	'2021-04-21 06:59:10',	'2021-04-21 06:59:08',	'2021-04-21 06:59:10'),
(958,	16,	2,	1,	31,	58,	'VIEW_ACTIVE_DOC',	'2021-04-21 06:59:10',	'2021-04-21 06:59:08',	'2021-04-21 06:59:10'),
(959,	16,	2,	1,	31,	58,	'VIEW_PENDING_DOC',	'2021-04-21 06:59:10',	'2021-04-21 06:59:08',	'2021-04-21 06:59:10'),
(960,	16,	2,	1,	31,	58,	'VIEW_REJECTED_DOC',	'2021-04-21 06:59:10',	'2021-04-21 06:59:08',	'2021-04-21 06:59:10'),
(961,	16,	2,	1,	31,	58,	'VIEW_ARCHIVE_DOC',	'2021-04-21 06:59:10',	'2021-04-21 06:59:08',	'2021-04-21 06:59:10'),
(962,	16,	2,	1,	31,	58,	'CAPA_STATUS',	'2021-04-21 06:59:10',	'2021-04-21 06:59:08',	'2021-04-21 06:59:10'),
(963,	16,	2,	1,	31,	58,	'ALL',	'2021-04-21 06:59:10',	'2021-04-21 06:59:08',	'2021-04-21 06:59:10'),
(964,	16,	2,	1,	27,	54,	'CREATE_UPDATE_ROLLBACK_DOC',	NULL,	'2021-04-21 06:59:51',	'2021-04-21 06:59:51'),
(965,	16,	2,	1,	27,	54,	'DEACTIVE_REACTIVE_DOC',	NULL,	'2021-04-21 06:59:51',	'2021-04-21 06:59:51'),
(966,	16,	2,	1,	27,	54,	'VIEW_ACTIVE_DOC',	NULL,	'2021-04-21 06:59:51',	'2021-04-21 06:59:51'),
(967,	16,	2,	1,	27,	54,	'VIEW_PENDING_DOC',	NULL,	'2021-04-21 06:59:51',	'2021-04-21 06:59:51'),
(968,	16,	2,	1,	27,	54,	'VIEW_REJECTED_DOC',	NULL,	'2021-04-21 06:59:51',	'2021-04-21 06:59:51'),
(969,	16,	2,	1,	27,	54,	'VIEW_ARCHIVE_DOC',	NULL,	'2021-04-21 06:59:51',	'2021-04-21 06:59:51'),
(970,	16,	2,	1,	27,	54,	'CAPA_STATUS',	NULL,	'2021-04-21 06:59:51',	'2021-04-21 06:59:51'),
(971,	16,	2,	1,	27,	54,	'ALL',	NULL,	'2021-04-21 06:59:51',	'2021-04-21 06:59:51'),
(972,	16,	2,	1,	23,	51,	'CREATE_UPDATE_ROLLBACK_DOC',	NULL,	'2021-04-27 23:34:45',	'2021-04-27 23:34:45'),
(973,	16,	2,	1,	23,	51,	'DEACTIVE_REACTIVE_DOC',	NULL,	'2021-04-27 23:34:45',	'2021-04-27 23:34:45'),
(974,	16,	2,	1,	23,	51,	'VIEW_ACTIVE_DOC',	NULL,	'2021-04-27 23:34:45',	'2021-04-27 23:34:45'),
(975,	16,	2,	1,	23,	51,	'VIEW_PENDING_DOC',	NULL,	'2021-04-27 23:34:45',	'2021-04-27 23:34:45'),
(976,	16,	2,	1,	23,	51,	'VIEW_REJECTED_DOC',	NULL,	'2021-04-27 23:34:45',	'2021-04-27 23:34:45'),
(977,	16,	2,	1,	23,	51,	'VIEW_ARCHIVE_DOC',	NULL,	'2021-04-27 23:34:45',	'2021-04-27 23:34:45'),
(978,	16,	2,	1,	23,	51,	'CAPA_STATUS',	NULL,	'2021-04-27 23:34:45',	'2021-04-27 23:34:45'),
(979,	16,	2,	1,	23,	51,	'ALL',	NULL,	'2021-04-27 23:34:45',	'2021-04-27 23:34:45'),
(980,	16,	2,	1,	25,	52,	'CREATE_UPDATE_ROLLBACK_DOC',	NULL,	'2021-04-27 23:35:11',	'2021-04-27 23:35:11'),
(981,	16,	2,	1,	25,	52,	'DEACTIVE_REACTIVE_DOC',	NULL,	'2021-04-27 23:35:11',	'2021-04-27 23:35:11'),
(982,	16,	2,	1,	25,	52,	'VIEW_ACTIVE_DOC',	NULL,	'2021-04-27 23:35:11',	'2021-04-27 23:35:11'),
(983,	16,	2,	1,	25,	52,	'VIEW_PENDING_DOC',	NULL,	'2021-04-27 23:35:11',	'2021-04-27 23:35:11'),
(984,	16,	2,	1,	25,	52,	'VIEW_REJECTED_DOC',	NULL,	'2021-04-27 23:35:11',	'2021-04-27 23:35:11'),
(985,	16,	2,	1,	25,	52,	'VIEW_ARCHIVE_DOC',	NULL,	'2021-04-27 23:35:11',	'2021-04-27 23:35:11'),
(986,	16,	2,	1,	25,	52,	'CAPA_STATUS',	NULL,	'2021-04-27 23:35:11',	'2021-04-27 23:35:11'),
(987,	16,	2,	1,	25,	52,	'ALL',	NULL,	'2021-04-27 23:35:11',	'2021-04-27 23:35:11'),
(988,	16,	2,	1,	23,	50,	'CREATE_UPDATE_ROLLBACK_DOC',	'2021-04-27 23:35:41',	'2021-04-27 23:35:40',	'2021-04-27 23:35:41'),
(989,	16,	2,	1,	23,	50,	'DEACTIVE_REACTIVE_DOC',	'2021-04-27 23:35:41',	'2021-04-27 23:35:40',	'2021-04-27 23:35:41'),
(990,	16,	2,	1,	23,	50,	'VIEW_ACTIVE_DOC',	'2021-04-27 23:35:41',	'2021-04-27 23:35:40',	'2021-04-27 23:35:41'),
(991,	16,	2,	1,	23,	50,	'VIEW_PENDING_DOC',	'2021-04-27 23:35:41',	'2021-04-27 23:35:40',	'2021-04-27 23:35:41'),
(992,	16,	2,	1,	23,	50,	'VIEW_REJECTED_DOC',	'2021-04-27 23:35:41',	'2021-04-27 23:35:40',	'2021-04-27 23:35:41'),
(993,	16,	2,	1,	23,	50,	'VIEW_ARCHIVE_DOC',	'2021-04-27 23:35:41',	'2021-04-27 23:35:40',	'2021-04-27 23:35:41'),
(994,	16,	2,	1,	23,	50,	'CAPA_STATUS',	'2021-04-27 23:35:41',	'2021-04-27 23:35:40',	'2021-04-27 23:35:41'),
(995,	16,	2,	1,	23,	50,	'ALL',	'2021-04-27 23:35:41',	'2021-04-27 23:35:40',	'2021-04-27 23:35:41'),
(996,	16,	2,	1,	23,	50,	'CREATE_UPDATE_ROLLBACK_DOC',	NULL,	'2021-04-27 23:35:54',	'2021-04-27 23:35:54'),
(997,	16,	2,	1,	23,	50,	'DEACTIVE_REACTIVE_DOC',	NULL,	'2021-04-27 23:35:54',	'2021-04-27 23:35:54'),
(998,	16,	2,	1,	23,	50,	'VIEW_ACTIVE_DOC',	NULL,	'2021-04-27 23:35:54',	'2021-04-27 23:35:54'),
(999,	16,	2,	1,	23,	50,	'VIEW_PENDING_DOC',	NULL,	'2021-04-27 23:35:54',	'2021-04-27 23:35:54'),
(1000,	16,	2,	1,	23,	50,	'VIEW_REJECTED_DOC',	NULL,	'2021-04-27 23:35:54',	'2021-04-27 23:35:54'),
(1001,	16,	2,	1,	23,	50,	'VIEW_ARCHIVE_DOC',	NULL,	'2021-04-27 23:35:54',	'2021-04-27 23:35:54'),
(1002,	16,	2,	1,	23,	50,	'CAPA_STATUS',	NULL,	'2021-04-27 23:35:54',	'2021-04-27 23:35:54'),
(1003,	16,	2,	1,	23,	50,	'ALL',	NULL,	'2021-04-27 23:35:54',	'2021-04-27 23:35:54');

-- 2021-04-28 10:21:53
